System,Num_Known,Stellar_Mass_Msun,Known_Planets_Pdays_aAU,Predicted_Unseen_Pdays_aAU
14 Her,2,0.91,1765.0 (2.770); 15732.5 (11.907),5269.6 (5.743)
24 Sex,2,1.54,452.8 (1.333); 883.0 (2.080),None
2MASS J19383260+4603591,3,0.48,43.0 (0.188); 406.0 (0.840); 1460.0 (1.972),132.1 (0.398); 769.9 (1.287)
47 UMa,3,1.06,1078.0 (2.098); 2391.0 (3.568); 14002.0 (11.592),5786.1 (6.431)
55 Cnc,5,1.015,0.7 (0.015); 14.7 (0.118); 44.4 (0.247); 260.6 (0.802); 4799.0 (5.596),3.4 (0.043); 25.5 (0.17); 107.6 (0.445); 1118.3 (2.119)
55 Cnc B,2,0.26,6.8 (0.045); 33.7 (0.130),15.1 (0.076)
61 Vir,3,0.942,4.2 (0.050); 38.0 (0.217); 123.0 (0.475),12.7 (0.104); 68.4 (0.321)
7 CMa,2,1.34,735.1 (1.757); 996.0 (2.152),None
75 Cet,2,1.92,696.6 (1.911); 2051.6 (3.927),1195.5 (2.74)
AU Mic,4,0.51,8.5 (0.065); 12.7 (0.085); 18.9 (0.111); 33.1 (0.170),None
BD+20 2457,2,2.8,379.6 (1.446); 622.0 (2.010),None
BD-06 1339,2,0.7,3.9 (0.043); 125.9 (0.437),22.1 (0.137)
BD-08 2823,2,0.5,5.6 (0.049); 237.6 (0.679),40.2 (0.182)
BD-11 4672,2,0.651,74.2 (0.300); 1634.0 (2.353),348.2 (0.839)
BD-210397,2,0.679,1891.0 (2.630); 6240.0 (5.862),3448.9 (3.927)
Barnard's star,4,0.162,2.3 (0.019); 3.2 (0.023); 4.1 (0.027); 6.7 (0.038),None
CoRoT-20,2,1.14,9.2 (0.090); 1675.0 (2.883),124.4 (0.51)
CoRoT-24,2,0.91,5.1 (0.056); 11.8 (0.098),None
CoRoT-7,3,0.82,0.9 (0.016); 3.7 (0.045); 9.0 (0.082),1.8 (0.027); 5.8 (0.061)
DMPP-1,4,1.21,2.9 (0.042); 5.5 (0.065); 6.6 (0.073); 18.6 (0.146),11.1 (0.104)
EPIC 201595106,2,0.958,0.9 (0.018); 9.8 (0.088),2.9 (0.04)
EPIC 206024342,3,0.928,0.9 (0.018); 4.5 (0.052); 14.6 (0.114),2.0 (0.031); 8.1 (0.077)
EPIC 206042996,2,0.565,0.4 (0.008); 5.3 (0.049),1.4 (0.02)
EPIC 206317286,2,0.711,1.6 (0.024); 17.5 (0.124),5.5 (0.054)
EPIC 212297394,2,0.83,2.3 (0.032); 5.2 (0.055),None
EPIC 212587672,2,0.99,15.3 (0.120); 23.2 (0.159),None
EPIC 212624936,2,1.0,0.6 (0.014); 11.8 (0.102),2.6 (0.037)
EPIC 212737443,2,0.69,13.6 (0.099); 65.5 (0.281),29.9 (0.166)
EPIC 220674823,2,0.913,0.6 (0.013); 13.3 (0.107),2.8 (0.037)
EPIC 249893012,3,1.05,3.6 (0.047); 15.6 (0.124); 35.7 (0.216),7.5 (0.076)
G 192-15,2,0.132,2.3 (0.017); 1219.0 (1.137),52.7 (0.14)
G 264-012,2,0.297,2.3 (0.023); 8.1 (0.052),4.3 (0.035)
GJ 1002,2,0.12,10.3 (0.046); 21.2 (0.074),None
GJ 1061,3,0.12,3.2 (0.021); 6.7 (0.034); 13.0 (0.053),None
GJ 1132,2,0.194,1.6 (0.016); 8.9 (0.048),3.7 (0.027)
GJ 1148,2,0.344,41.4 (0.164); 532.6 (0.901),148.5 (0.384)
GJ 143,2,0.73,7.8 (0.069); 35.6 (0.191),16.7 (0.115)
GJ 15 A,2,0.38,11.4 (0.072); 7600.0 (5.480),294.9 (0.628)
GJ 163,3,0.4,8.6 (0.061); 25.6 (0.125); 604.0 (1.030),14.9 (0.087); 124.4 (0.359)
GJ 180,3,0.43,17.1 (0.098); 24.3 (0.124); 106.3 (0.331),50.9 (0.203)
GJ 2030,2,0.96,2.4 (0.034); 25533.1 (16.740),246.6 (0.759)
GJ 229,2,0.509,121.9 (0.384); 579.5 (1.086),265.8 (0.646)
GJ 251,2,0.35,14.2 (0.081); 53.6 (0.196),27.6 (0.126)
GJ 273,2,0.29,4.7 (0.036); 18.6 (0.091),9.4 (0.058)
GJ 3138,3,0.681,1.2 (0.020); 6.0 (0.057); 257.8 (0.697),2.7 (0.033); 39.2 (0.199)
GJ 317,2,0.402,695.7 (1.134); 6500.0 (5.031),2126.5 (2.389)
GJ 328,2,0.65,241.8 (0.658); 3771.0 (4.107),954.9 (1.644)
GJ 3293,4,0.42,13.3 (0.082); 30.6 (0.143); 48.1 (0.194); 122.6 (0.362),76.8 (0.265)
GJ 3323,2,0.164,5.4 (0.033); 40.5 (0.126),14.7 (0.064)
GJ 3473,2,0.36,1.2 (0.016); 15.5 (0.087),4.3 (0.037)
GJ 3512,2,0.123,203.1 (0.336); 2354.0 (1.722),691.5 (0.761)
GJ 357,3,0.342,3.9 (0.034); 9.1 (0.060); 55.7 (0.200),22.5 (0.109)
GJ 367,3,0.455,0.3 (0.007); 11.5 (0.077); 34.4 (0.159),1.9 (0.023); 19.9 (0.111)
GJ 3929,2,0.313,2.6 (0.025); 15.0 (0.081),6.3 (0.045)
GJ 3998,3,0.52,2.7 (0.030); 13.7 (0.090); 41.8 (0.189),6.0 (0.052); 23.9 (0.131)
GJ 411,2,0.39,12.9 (0.079); 2946.0 (2.938),195.2 (0.481)
GJ 414 A,2,0.65,50.8 (0.233); 749.8 (1.399),195.2 (0.57)
GJ 433,3,0.48,7.4 (0.058); 36.1 (0.167); 5094.1 (4.537),16.3 (0.099); 428.6 (0.871)
GJ 536,2,0.528,8.7 (0.067); 32.8 (0.162),16.9 (0.104)
GJ 581,3,0.295,3.1 (0.028); 5.4 (0.040); 12.9 (0.072),None
GJ 667 C,5,0.33,7.2 (0.050); 28.1 (0.125); 39.0 (0.156); 62.2 (0.212); 256.2 (0.546),14.2 (0.079); 126.3 (0.34)
GJ 676 A,4,0.626,3.6 (0.039); 35.5 (0.181); 1051.4 (1.731); 13921.4 (9.688),11.3 (0.084); 193.1 (0.559); 3825.9 (4.095)
GJ 682,2,0.27,17.5 (0.085); 57.3 (0.188),31.7 (0.127)
GJ 687,2,0.4,38.1 (0.163); 727.6 (1.166),166.6 (0.437)
GJ 806,2,0.413,0.9 (0.014); 6.6 (0.051),2.5 (0.027)
GJ 849,2,0.45,1925.3 (2.321); 5990.0 (4.946),3396.0 (3.388)
GJ 876,4,0.32,1.9 (0.021); 30.1 (0.129); 61.1 (0.208); 124.3 (0.333),7.6 (0.052)
GJ 887,2,0.489,9.3 (0.068); 21.8 (0.120),None
GJ 9827,3,0.62,1.2 (0.019); 3.6 (0.040); 6.2 (0.056),2.1 (0.027)
HAT-P-11,2,0.811,4.9 (0.053); 3361.0 (4.095),128.2 (0.464)
HAT-P-13,2,1.32,2.9 (0.044); 446.3 (1.254),36.1 (0.234)
HAT-P-17,2,0.99,10.3 (0.093); 5584.0 (5.991),235.9 (0.745)
HAT-P-2,2,1.33,5.6 (0.068); 8500.0 (8.964),218.8 (0.782)
HAT-P-44,2,0.942,4.3 (0.051); 872.2 (1.751),61.2 (0.298)
HATS-59,2,1.038,5.4 (0.061); 1422.0 (2.506),87.8 (0.391)
HD 10180,6,1.06,5.8 (0.064); 16.4 (0.129); 49.7 (0.270); 122.7 (0.493); 604.7 (1.427); 2205.0 (3.381),9.7 (0.091); 28.5 (0.186); 78.1 (0.365); 272.4 (0.839); 1154.7 (2.196)
HD 102329,2,3.21,1123.0 (2.308); 778.1 (2.442),None
HD 104067,2,0.82,13.9 (0.106); 55.9 (0.268),27.9 (0.168)
HD 105618,2,1.01,10.0 (0.091); 77114.1 (35.574),879.1 (1.802)
HD 106315,2,1.091,9.6 (0.091); 21.1 (0.154),None
HD 107148,2,1.12,18.3 (0.141); 48.1 (0.269),29.8 (0.194)
HD 108236,5,0.869,3.8 (0.045); 6.2 (0.063); 14.2 (0.109); 19.6 (0.136); 29.5 (0.178),None
HD 108874,2,1.1,394.5 (1.087); 1624.0 (2.658),771.6 (1.7)
HD 109271,2,1.047,7.9 (0.079); 30.9 (0.196),15.6 (0.124)
HD 109833,2,1.08,9.2 (0.088); 13.9 (0.116),None
HD 110067,6,0.798,9.1 (0.079); 13.7 (0.104); 20.5 (0.136); 30.8 (0.178); 41.1 (0.216); 54.8 (0.262),None
HD 110113,2,0.997,2.5 (0.036); 6.7 (0.070),4.1 (0.05)
HD 111232,2,0.96,1169.1 (2.143); 26472.4 (17.149),5563.3 (6.062)
HD 113337,2,1.41,317.6 (1.022); 5429.9 (6.780),1313.2 (2.632)
HD 113538,2,0.585,663.2 (1.245); 1818.0 (2.438),1098.0 (1.742)
HD 114783,2,0.853,493.7 (1.159); 4352.0 (5.037),1485.6 (2.417)
HD 11506,3,1.22,223.9 (0.771); 1617.7 (2.882); 26500.0 (18.588),601.9 (1.491); 6547.4 (7.319)
HD 115404 A,2,0.83,10.5 (0.088); 15319.2 (11.345),401.0 (1.0)
HD 116029,2,0.83,670.0 (1.408); 907.0 (2.017),None
HD 118203,2,1.27,6.1 (0.071); 5103.0 (6.282),176.9 (0.668)
HD 11964,2,0.91,37.9 (0.214); 1945.0 (2.955),271.5 (0.795)
HD 12235,2,1.1,4.4 (0.054); 36336.7 (22.163),398.2 (1.093)
HD 125612,3,1.05,4.2 (0.051); 557.7 (1.348); 2822.7 (3.973),48.1 (0.263); 1254.7 (2.314)
HD 12661,2,1.2,262.7 (0.853); 1708.0 (2.815),643.2 (1.55)
HD 128311,2,0.828,453.0 (1.084); 921.5 (1.740),None
HD 133131 A,2,0.95,649.0 (1.442); 3568.0 (4.492),1521.7 (2.545)
HD 134060,2,1.095,3.3 (0.044); 1291.6 (2.392),65.0 (0.326)
HD 134606,5,1.046,4.3 (0.053); 12.1 (0.105); 26.9 (0.178); 58.9 (0.301); 966.5 (1.942),7.2 (0.074); 238.6 (0.764)
HD 134987,2,1.1,258.2 (0.819); 5000.0 (5.907),1136.2 (2.2)
HD 136352,3,0.87,11.6 (0.096); 27.6 (0.171); 107.2 (0.422),54.4 (0.268)
HD 137496,2,1.04,1.6 (0.027); 479.9 (1.215),27.9 (0.182)
HD 13808,2,0.771,14.2 (0.105); 53.8 (0.256),27.6 (0.164)
HD 13908,2,1.29,19.4 (0.154); 931.0 (2.031),134.3 (0.559)
HD 140901,2,0.99,9.0 (0.085); 14386.0 (11.803),366.5 (0.999)
HD 141399,4,1.07,94.4 (0.415); 202.0 (0.689); 1069.8 (2.094); 5000.0 (5.853),464.9 (1.201); 2312.8 (3.501)
HD 142,3,1.21,108.5 (0.474); 351.4 (1.039); 10159.6 (9.783),195.2 (0.702); 1889.6 (3.187)
HD 1461,2,1.02,5.8 (0.063); 13.5 (0.112),None
HD 147018,2,0.927,44.2 (0.239); 1008.0 (1.918),211.2 (0.677)
HD 147873,2,1.38,116.6 (0.520); 491.5 (1.357),239.4 (0.84)
HD 148164,2,1.21,328.6 (0.993); 5062.0 (6.148),1289.6 (2.471)
HD 151450,2,1.14,21.9 (0.160); 18144.8 (14.117),630.3 (1.503)
HD 152843,2,1.15,11.6 (0.105); 19.5 (0.149),None
HD 15337,2,0.829,4.8 (0.052); 17.2 (0.122),9.0 (0.08)
HD 153557,3,0.79,7.3 (0.068); 15.3 (0.111); 40654.6 (21.391),787.9 (1.543)
HD 154857,2,1.96,408.6 (1.349); 3452.0 (5.354),1149.1 (2.687)
HD 155358,2,1.15,194.3 (0.688); 391.9 (1.019),None
HD 155918,2,1.03,1.9 (0.030); 17202.2 (13.171),179.6 (0.629)
HD 156098,2,1.29,21.9 (0.167); 7841.6 (8.409),414.0 (1.183)
HD 156279,2,0.94,133.4 (0.501); 4818.3 (5.469),801.7 (1.655)
HD 156668,2,0.772,4.6 (0.050); 811.3 (1.571),61.7 (0.28)
HD 158259,5,1.08,2.2 (0.034); 3.4 (0.046); 5.2 (0.060); 8.0 (0.080); 12.0 (0.105),None
HD 15906,2,0.79,10.9 (0.089); 21.6 (0.140),None
HD 159243,2,1.125,12.6 (0.110); 248.4 (0.804),56.0 (0.298)
HD 159868,2,1.19,351.0 (1.032); 1184.1 (2.321),644.7 (1.548)
HD 1605,2,1.33,577.2 (1.492); 2149.0 (3.584),1113.7 (2.312)
HD 160691,4,1.13,9.6 (0.092); 307.9 (0.929); 645.0 (1.522); 3947.0 (5.091),54.5 (0.293); 1595.6 (2.783)
HD 163607,2,1.12,75.2 (0.362); 1272.0 (2.386),309.3 (0.93)
HD 164922,4,0.926,12.5 (0.103); 41.8 (0.229); 75.7 (0.341); 1207.0 (2.162),22.8 (0.153); 302.4 (0.859)
HD 168443,2,0.98,58.1 (0.292); 1753.1 (2.826),319.2 (0.908)
HD 169830,2,1.17,225.7 (0.764); 1818.8 (3.073),640.7 (1.533)
HD 176986,2,0.789,6.5 (0.063); 16.8 (0.119),10.4 (0.086)
HD 177830,2,1.7,110.9 (0.514); 410.1 (1.289),221.2 (0.814)
HD 18143,2,0.85,10.3 (0.088); 28982.4 (17.492),546.0 (1.238)
HD 181433,3,0.63,9.4 (0.075); 962.0 (1.756); 2172.0 (3.021),100.2 (0.362)
HD 183263,2,1.06,624.9 (1.458); 4668.0 (5.574),1707.9 (2.851)
HD 184010,3,1.35,286.6 (0.940); 484.3 (1.334); 836.4 (1.920),None
HD 187123,2,1.04,3.1 (0.042); 3810.0 (4.837),108.6 (0.451)
HD 189567,2,0.83,14.3 (0.108); 33.7 (0.192),None
HD 190360,2,1.0,17.1 (0.129); 2854.0 (3.938),222.1 (0.713)
HD 191939,6,0.81,8.9 (0.078); 28.6 (0.171); 38.4 (0.207); 101.1 (0.396); 284.0 (0.788); 2898.0 (3.708),15.9 (0.116); 62.3 (0.287); 169.5 (0.559); 907.2 (1.71)
HD 192310,2,0.8,74.7 (0.322); 525.8 (1.184),198.2 (0.618)
HD 196067,2,1.16,4.6 (0.057); 3413.7 (4.662),125.3 (0.515)
HD 20003,2,0.875,11.8 (0.097); 33.9 (0.196),20.0 (0.138)
HD 200964,2,1.39,606.3 (1.565); 852.5 (1.964),None
HD 202696,2,1.91,517.8 (1.566); 946.6 (2.341),None
HD 203387,2,2.817,512.5 (1.770); 2481.1 (5.066),1127.7 (2.994)
HD 204313,3,1.03,35.0 (0.211); 2041.1 (3.180); 7325.6 (7.455),267.1 (0.82); 3866.8 (4.869)
HD 206893,2,1.32,2090.0 (3.509); 9350.0 (9.528),4420.6 (5.783)
HD 20781,4,0.7,5.3 (0.053); 13.9 (0.100); 29.2 (0.165); 85.5 (0.337),8.6 (0.073); 49.9 (0.236)
HD 207832,2,1.05,160.1 (0.586); 1155.7 (2.111),418.4 (1.113)
HD 20794,4,0.79,18.3 (0.126); 89.7 (0.362); 147.0 (0.509); 647.6 (1.354),40.5 (0.213); 306.4 (0.83)
HD 213885,2,1.068,1.0 (0.020); 4.8 (0.057),2.2 (0.034)
HD 215152,4,0.77,5.8 (0.058); 7.3 (0.067); 10.9 (0.088); 25.2 (0.154),None
HD 215497,2,0.67,3.9 (0.043); 566.0 (1.302),51.1 (0.236)
HD 216520,2,0.82,35.5 (0.198); 154.4 (0.527),74.0 (0.323)
HD 21693,2,0.8,22.7 (0.146); 53.7 (0.259),None
HD 217107,2,1.0,7.1 (0.072); 4270.0 (5.116),173.6 (0.609)
HD 217786,2,1.14,2.5 (0.038); 1301.4 (2.437),57.3 (0.304)
HD 219134,6,0.81,3.1 (0.039); 6.8 (0.065); 22.7 (0.146); 46.9 (0.237); 94.2 (0.375); 2247.0 (3.109),12.4 (0.098); 460.1 (1.08)
HD 219828,2,1.04,3.8 (0.049); 4789.9 (5.634),135.5 (0.523)
HD 224018,3,1.013,10.6 (0.095); 36.6 (0.217); 138.1 (0.525),19.7 (0.144); 71.1 (0.337)
HD 22946,3,1.098,4.0 (0.051); 9.6 (0.091); 47.4 (0.265),21.3 (0.155)
HD 23079,2,1.16,5.7 (0.066); 735.7 (1.676),65.0 (0.333)
HD 23472,5,0.67,4.0 (0.043); 7.9 (0.068); 12.2 (0.091); 17.7 (0.116); 29.8 (0.165),None
HD 24040,2,1.11,515.4 (1.300); 3668.0 (4.819),1376.8 (2.503)
HD 25463,2,1.251,3.0 (0.044); 7.0 (0.078),None
HD 25912,2,1.08,41.8 (0.242); 26308.7 (17.762),1049.1 (2.073)
HD 260655,2,0.439,2.8 (0.029); 5.7 (0.047),None
HD 27894,3,0.81,18.0 (0.125); 36.1 (0.198); 5019.5 (5.348),426.8 (1.03)
HD 28109,3,1.227,22.9 (0.169); 56.0 (0.307); 84.3 (0.403),35.8 (0.228)
HD 28185,2,0.99,385.5 (1.033); 17417.9 (13.106),2591.3 (3.68)
HD 28471,3,0.98,3.2 (0.042); 6.1 (0.065); 11.7 (0.100),None
HD 30177,2,0.98,2514.5 (3.595); 12085.5 (10.237),5512.6 (6.066)
HD 31527,3,0.96,16.6 (0.125); 51.2 (0.266); 271.7 (0.810),29.1 (0.183); 117.9 (0.464)
HD 3167,4,0.837,1.0 (0.018); 8.4 (0.076); 29.8 (0.177); 96.6 (0.388),2.8 (0.037); 15.8 (0.116); 53.7 (0.263)
HD 33142,3,1.52,89.9 (0.452); 330.0 (1.075); 810.2 (1.956),172.2 (0.697); 517.1 (1.45)
HD 33844,2,1.84,551.4 (1.613); 916.0 (2.237),None
HD 34445,6,1.14,49.2 (0.269); 117.9 (0.481); 214.7 (0.718); 676.8 (1.543); 1049.0 (2.111); 5700.0 (6.387),381.2 (1.052); 2406.8 (3.672)
HD 35843,2,0.94,9.9 (0.088); 47.0 (0.250),21.6 (0.149)
HD 37124,3,0.85,154.4 (0.534); 885.5 (1.710); 1862.0 (2.806),369.7 (0.955)
HD 37605,2,0.94,55.0 (0.277); 2720.0 (3.736),386.8 (1.018)
HD 38529,2,0.98,14.3 (0.115); 2127.6 (3.216),174.5 (0.607)
HD 39091,3,1.07,6.3 (0.068); 124.6 (0.499); 2088.8 (3.271),28.0 (0.184); 510.2 (1.278)
HD 39194,3,0.67,5.6 (0.054); 14.0 (0.100); 33.9 (0.179),8.9 (0.074); 21.8 (0.134)
HD 40307,5,0.77,4.3 (0.048); 9.6 (0.081); 20.4 (0.134); 51.8 (0.249); 197.8 (0.609),32.5 (0.183); 101.2 (0.39)
HD 4203,2,1.25,431.9 (1.205); 6700.0 (6.932),1604.7 (2.89)
HD 42813,3,0.901,3.5 (0.044); 6.4 (0.065); 13.6 (0.108),None
HD 43197,2,0.96,308.9 (0.882); 9296.0 (8.535),1694.6 (2.744)
HD 45184,2,1.03,5.9 (0.064); 13.1 (0.110),None
HD 45364,2,0.82,225.8 (0.679); 345.4 (0.902),None
HD 47186,2,0.96,4.1 (0.049); 1353.6 (2.362),74.4 (0.341)
HD 4732,2,1.39,371.7 (1.129); 3184.2 (4.727),1088.0 (2.31)
HD 47366,2,1.81,360.1 (1.207); 677.5 (1.840),None
HD 48948,3,0.686,7.3 (0.065); 38.1 (0.195); 151.9 (0.491),16.7 (0.113); 76.0 (0.31)
HD 50499,2,1.253,2447.1 (3.831); 8619.9 (9.003),4644.2 (5.873)
HD 51608,2,0.8,14.1 (0.106); 95.9 (0.381),36.7 (0.201)
HD 5278,2,1.126,14.3 (0.120); 40.9 (0.242),24.2 (0.17)
HD 5319,2,1.27,637.1 (1.569); 872.2 (1.935),None
HD 60532,2,1.5,201.9 (0.771); 600.1 (1.594),348.1 (1.109)
HD 62364,2,1.157,5138.0 (6.118); 74839.9 (36.831),19747.7 (15.011)
HD 63433,3,0.956,4.2 (0.051); 7.1 (0.071); 20.5 (0.145),12.1 (0.102)
HD 63935,2,0.941,9.1 (0.083); 21.4 (0.148),None
HD 65216,2,0.874,577.6 (1.298); 5370.0 (5.738),1761.2 (2.729)
HD 66428,2,1.01,2269.8 (3.391); 10478.8 (9.403),4877.0 (5.647)
HD 67087,2,1.36,352.2 (1.081); 2374.0 (3.859),914.4 (2.043)
HD 68988,2,1.28,6.3 (0.072); 16000.0 (13.101),310.0 (0.973)
HD 69830,3,0.86,8.7 (0.079); 31.6 (0.186); 197.0 (0.630),16.5 (0.121); 78.8 (0.342)
HD 72659,2,1.033,3549.0 (4.603); 35500.0 (21.369),11224.5 (9.918)
HD 73267,2,0.93,1258.0 (2.226); 17071.8 (12.665),4634.2 (5.31)
HD 73344,3,1.2,15.6 (0.130); 65.9 (0.338); 5823.0 (6.713),32.0 (0.21); 619.7 (1.507)
HD 73526,2,1.14,188.3 (0.672); 379.1 (1.030),None
HD 73583,2,0.73,6.4 (0.061); 18.9 (0.125),11.0 (0.087)
HD 74156,2,1.1,51.6 (0.280); 2448.5 (3.670),355.6 (1.014)
HD 74698,2,1.039,15.0 (0.121); 3449.0 (4.525),227.6 (0.739)
HD 75784,2,1.26,341.2 (1.032); 7900.0 (8.385),1641.8 (2.942)
HD 75898,2,1.295,422.8 (1.202); 6717.0 (7.594),1685.3 (3.021)
HD 7924,3,0.65,5.4 (0.052); 15.3 (0.113); 24.5 (0.155),9.7 (0.077)
HD 80653,2,1.18,0.7 (0.017); 921.2 (1.958),25.7 (0.18)
HD 81817,2,4.3,623.0 (2.321); 1021.2 (3.227),None
HD 82943,2,1.08,220.1 (0.732); 441.5 (1.164),None
HD 83443,2,1.0,3.0 (0.041); 8241.0 (7.985),156.9 (0.569)
HD 86226,2,1.019,4.0 (0.049); 1628.0 (2.725),80.5 (0.367)
HD 87816,2,2.41,484.2 (1.618); 7596.0 (10.139),1917.7 (4.05)
HD 92788,2,1.15,325.8 (0.971); 11611.3 (10.514),1945.0 (3.195)
HD 93351,2,0.94,2.5 (0.035); 14010.3 (11.142),185.6 (0.624)
HD 93385,3,1.04,7.3 (0.075); 13.2 (0.111); 45.9 (0.254),24.6 (0.168)
HD 93963 A,2,1.084,1.0 (0.021); 3.6 (0.048),1.9 (0.031)
HD 9446,2,1.0,30.1 (0.189); 192.9 (0.653),76.1 (0.352)
HD 94890,2,1.74,824.6 (2.070); 2492.2 (4.327),1433.6 (2.993)
HD 95089,2,1.54,464.4 (1.355); 1785.0 (3.326),910.5 (2.123)
HD 96700,3,0.89,8.1 (0.076); 19.9 (0.138); 103.5 (0.415),12.7 (0.103); 45.4 (0.239)
HD 99492,2,0.85,17.1 (0.123); 95.2 (0.387),40.3 (0.218)
HD 99706,2,1.46,841.0 (1.978); 1278.0 (2.761),None
HIP 111909,2,1.28,487.1 (1.315); 893.6 (1.971),None
HIP 113103,2,0.761,7.6 (0.069); 14.2 (0.105),None
HIP 14810,3,1.01,6.7 (0.070); 147.7 (0.549); 981.8 (1.940),31.4 (0.195); 380.9 (1.032)
HIP 38594,2,0.61,60.7 (0.256); 3477.8 (3.810),459.5 (0.988)
HIP 41378,6,1.16,15.6 (0.128); 31.7 (0.206); 62.1 (0.322); 278.4 (0.877); 369.0 (1.058); 542.1 (1.367),131.4 (0.532)
HIP 5158,2,0.78,345.7 (0.887); 9017.8 (7.805),1765.7 (2.632)
HIP 54373,2,0.57,7.8 (0.064); 15.1 (0.099),None
HIP 56998,2,0.653,4.5 (0.046); 6.2 (0.057),None
HIP 57274,3,0.29,8.1 (0.052); 32.0 (0.178); 431.7 (1.007),20.3 (0.097); 117.6 (0.423)
HIP 65407,2,0.93,28.1 (0.177); 67.3 (0.316),None
HIP 67522,2,1.22,7.0 (0.076); 14.3 (0.123),None
HIP 67851,2,1.28,89.2 (0.424); 3128.4 (4.545),528.3 (1.389)
HIP 8152,2,0.937,10.8 (0.093); 19.6 (0.139),None
HIP 8541,2,2.009,228.5 (0.923); 1852.1 (3.724),650.6 (1.854)
HIP 9618,2,0.942,20.8 (0.145); 52.6 (0.269),33.0 (0.198)
HIP 97166,2,0.934,10.3 (0.091); 16.4 (0.124),None
HR 858,3,1.204,3.6 (0.049); 6.0 (0.069); 11.2 (0.104),None
HR 8799,4,1.5,20815.6 (16.990); 37000.0 (24.876); 69000.0 (37.688); 170000.0 (68.750),108305.1 (50.902)
HU Aqr,2,0.88,2390.0 (3.352); 4368.0 (5.011),None
K2-111,2,0.84,5.4 (0.056); 15.7 (0.116),9.2 (0.081)
K2-117,2,0.54,1.3 (0.019); 5.4 (0.049),2.7 (0.031)
K2-133,4,0.461,3.1 (0.032); 4.9 (0.043); 11.0 (0.075); 26.6 (0.135),None
K2-136,3,0.742,8.0 (0.071); 17.3 (0.119); 25.6 (0.154),None
K2-138,6,0.935,2.4 (0.034); 3.6 (0.045); 5.4 (0.059); 8.3 (0.078); 12.8 (0.104); 42.0 (0.231),23.1 (0.155)
K2-141,2,0.708,0.3 (0.007); 7.7 (0.068),1.5 (0.023)
K2-146,2,0.331,2.6 (0.026); 4.0 (0.034),None
K2-148,3,0.65,4.4 (0.045); 6.9 (0.062); 9.8 (0.077),None
K2-154,2,0.65,3.7 (0.040); 8.0 (0.068),None
K2-155,3,0.65,6.3 (0.058); 13.8 (0.098); 40.7 (0.201),23.7 (0.14)
K2-157,3,0.89,0.4 (0.010); 25.9 (0.165); 66.5 (0.309),3.1 (0.04); 41.5 (0.226)
K2-158,2,0.92,5.9 (0.062); 10.1 (0.089),None
K2-16,3,0.67,2.7 (0.033); 7.6 (0.067); 19.1 (0.123),4.6 (0.047); 12.1 (0.09)
K2-165,3,0.835,2.4 (0.033); 4.4 (0.049); 14.1 (0.108),7.9 (0.073)
K2-166,2,1.073,3.8 (0.049); 8.5 (0.086),None
K2-168,2,0.877,8.1 (0.075); 15.9 (0.118),None
K2-170,2,0.964,7.6 (0.075); 12.4 (0.104),None
K2-172,2,0.934,14.3 (0.113); 29.6 (0.183),None
K2-18,2,0.359,9.0 (0.060); 32.9 (0.143),17.2 (0.093)
K2-183,3,0.942,0.5 (0.012); 10.8 (0.094); 22.6 (0.153),2.3 (0.033)
K2-185,2,0.96,10.6 (0.093); 52.7 (0.271),23.7 (0.159)
K2-187,4,0.967,0.8 (0.016); 2.9 (0.039); 7.1 (0.072); 13.6 (0.110),1.5 (0.025); 4.5 (0.053)
K2-188,2,1.06,1.7 (0.029); 7.8 (0.079),3.7 (0.048)
K2-189,2,0.85,2.6 (0.035); 6.7 (0.066),4.2 (0.048)
K2-19,3,0.88,2.5 (0.035); 7.9 (0.075); 11.9 (0.098),4.5 (0.051)
K2-190,2,0.905,10.1 (0.088); 21.6 (0.147),None
K2-195,2,0.94,15.9 (0.121); 28.5 (0.180),None
K2-198,3,0.799,3.4 (0.041); 7.5 (0.069); 17.0 (0.120),None
K2-199,2,0.711,3.2 (0.038); 7.4 (0.066),None
K2-201,2,0.956,1.1 (0.020); 22.8 (0.155),4.9 (0.056)
K2-21,2,0.676,9.3 (0.076); 15.5 (0.107),None
K2-219,3,1.022,3.9 (0.049); 6.7 (0.070); 11.1 (0.098),None
K2-223,2,1.06,0.5 (0.013); 4.6 (0.055),1.5 (0.026)
K2-224,2,0.91,4.5 (0.052); 10.1 (0.089),None
K2-229,2,0.87,0.6 (0.013); 8.3 (0.077),2.2 (0.032)
K2-233,3,0.79,2.5 (0.033); 7.1 (0.067); 24.4 (0.152),4.2 (0.047); 13.1 (0.101)
K2-239,3,0.4,5.2 (0.044); 7.8 (0.057); 10.1 (0.067),None
K2-24,2,1.07,20.9 (0.152); 42.3 (0.243),None
K2-240,2,0.58,6.0 (0.054); 20.5 (0.122),11.1 (0.081)
K2-243,2,1.29,11.5 (0.109); 24.9 (0.182),None
K2-247,2,0.74,2.3 (0.030); 6.5 (0.062),3.8 (0.043)
K2-254,2,0.71,4.1 (0.045); 12.1 (0.092),7.0 (0.064)
K2-264,2,0.496,5.8 (0.050); 19.7 (0.113),10.7 (0.075)
K2-266,4,0.686,0.7 (0.013); 7.8 (0.068); 14.7 (0.104); 19.5 (0.125),2.3 (0.03)
K2-268,5,0.84,2.2 (0.031); 4.5 (0.051); 6.1 (0.062); 9.3 (0.082); 26.3 (0.163),15.7 (0.116)
K2-270,2,0.85,1.5 (0.025); 4.4 (0.050),2.6 (0.035)
K2-275,2,0.77,3.3 (0.040); 8.4 (0.074),5.3 (0.054)
K2-282,2,0.94,0.7 (0.015); 4.2 (0.050),1.7 (0.027)
K2-285,4,0.83,3.5 (0.042); 7.1 (0.068); 10.5 (0.088); 14.8 (0.111),None
K2-290,2,1.194,9.2 (0.091); 48.4 (0.276),21.1 (0.159)
K2-3,3,0.549,10.1 (0.075); 24.6 (0.136); 44.6 (0.201),15.7 (0.101)
K2-316,2,0.408,1.1 (0.016); 5.3 (0.044),2.4 (0.026)
K2-32,4,0.83,4.3 (0.049); 9.0 (0.080); 20.7 (0.138); 31.7 (0.184),None
K2-331,2,1.1,9.4 (0.090); 23.0 (0.163),14.7 (0.121)
K2-343,2,0.49,2.8 (0.031); 7.7 (0.060),4.6 (0.043)
K2-348,2,0.83,4.7 (0.052); 12.6 (0.099),7.7 (0.072)
K2-35,2,0.702,2.4 (0.031); 5.6 (0.055),None
K2-350,2,0.98,4.2 (0.050); 20.0 (0.143),9.1 (0.085)
K2-352,3,0.98,3.7 (0.046); 8.2 (0.079); 14.9 (0.118),None
K2-36,2,0.79,1.4 (0.023); 5.3 (0.055),2.8 (0.036)
K2-368,3,0.746,5.0 (0.052); 9.7 (0.081); 20.2 (0.132),None
K2-37,3,0.84,4.4 (0.050); 6.4 (0.064); 14.1 (0.108),None
K2-374,2,0.731,4.5 (0.048); 16.4 (0.114),8.6 (0.074)
K2-38,2,1.03,4.0 (0.050); 10.6 (0.095),6.5 (0.069)
K2-381,3,0.754,7.9 (0.071); 16.0 (0.113); 26.8 (0.160),None
K2-384,5,0.33,2.2 (0.023); 4.2 (0.035); 6.7 (0.048); 9.7 (0.062); 13.6 (0.077),None
K2-389,2,0.99,8.6 (0.082); 20.9 (0.138),None
K2-395,2,0.952,4.8 (0.055); 8.5 (0.080),None
K2-396,2,0.954,0.7 (0.015); 25.8 (0.168),4.2 (0.05)
K2-398,2,0.945,6.4 (0.066); 18.8 (0.136),11.0 (0.095)
K2-407,2,0.881,4.9 (0.054); 9.2 (0.083),None
K2-413,2,0.808,0.8 (0.016); 5.3 (0.056),2.1 (0.03)
K2-414,2,0.814,4.4 (0.049); 6.7 (0.065),None
K2-43,2,0.571,2.2 (0.027); 3.5 (0.037),None
K2-5,2,0.61,5.7 (0.053); 10.9 (0.082),None
K2-50,2,0.611,4.0 (0.042); 8.8 (0.071),None
K2-58,3,0.89,2.5 (0.035); 7.1 (0.069); 22.9 (0.152),4.2 (0.049); 12.7 (0.102)
K2-59,2,0.774,11.3 (0.090); 20.7 (0.135),None
K2-62,2,0.67,6.7 (0.061); 16.2 (0.110),10.4 (0.082)
K2-63,2,1.4,20.3 (0.163); 25.5 (0.189),None
K2-72,4,0.271,5.6 (0.040); 7.8 (0.050); 15.2 (0.078); 24.2 (0.106),None
K2-73,2,1.02,7.5 (0.075); 1000.0 (1.970),86.6 (0.386)
K2-75,2,1.16,7.8 (0.081); 18.3 (0.143),None
K2-8,2,0.78,5.1 (0.053); 10.4 (0.086),None
K2-80,3,0.9,5.6 (0.060); 19.1 (0.135); 28.9 (0.179),10.3 (0.09)
K2-83,2,0.484,2.7 (0.030); 10.0 (0.071),5.2 (0.046)
K2-84,2,0.95,6.4 (0.066); 27.9 (0.177),13.4 (0.108)
K2-90,2,0.629,2.9 (0.035); 13.7 (0.096),6.1 (0.058)
K2-99,2,1.44,18.2 (0.153); 522.2 (1.433),97.6 (0.469)
KELT-6,2,1.42,7.8 (0.087); 1276.0 (2.395),94.4 (0.456)
KIC 10001893,3,0.47,0.2 (0.006); 0.3 (0.007); 0.8 (0.013),0.5 (0.01)
KIC 5437945,2,1.07,220.1 (0.752); 440.8 (1.159),None
KIC 9663113,2,0.98,20.7 (0.155); 572.4 (1.340),104.7 (0.455)
KOBE-1,2,0.629,8.5 (0.070); 29.7 (0.161),15.9 (0.106)
KOI-12,2,1.5,17.9 (0.153); 2500.0 (4.127),211.3 (0.795)
KOI-134,2,1.407,34.0 (0.230); 67.1 (0.362),None
KOI-142,3,0.99,10.9 (0.096); 22.3 (0.154); 1403.0 (2.445),176.7 (0.614)
KOI-1599,2,1.02,13.6 (0.112); 20.4 (0.147),None
KOI-1783,2,1.076,134.5 (0.526); 284.2 (0.867),None
KOI-3503,2,0.858,21.2 (0.142); 31.8 (0.187),None
KOI-351,8,1.2,7.0 (0.076); 8.7 (0.088); 14.4 (0.121); 59.7 (0.318); 91.9 (0.424); 124.9 (0.520); 210.7 (0.745); 331.6 (1.008),29.9 (0.196)
KOI-55,2,0.496,0.2 (0.006); 0.3 (0.008),None
KOI-7892,3,1.04,10.7 (0.099); 31.8 (0.199); 75.2 (0.353),18.0 (0.141)
KOI-94,4,1.277,3.7 (0.051); 10.4 (0.101); 22.3 (0.168); 54.3 (0.305),6.2 (0.072); 34.8 (0.226)
KOI-984,2,0.928,4.3 (0.050); 21.5 (0.148),9.6 (0.086)
Kepler-10,3,0.91,0.8 (0.017); 45.3 (0.241); 151.1 (0.538),6.2 (0.064); 82.7 (0.36)
Kepler-100,4,1.13,6.9 (0.074); 12.8 (0.110); 35.3 (0.216); 60.9 (0.312),21.3 (0.154)
Kepler-1001,2,0.9,9.2 (0.084); 14.3 (0.111),None
Kepler-101,2,1.17,3.5 (0.047); 6.0 (0.068),None
Kepler-1016,2,0.99,2.0 (0.030); 105.7 (0.436),14.4 (0.115)
Kepler-102,5,0.803,5.3 (0.055); 7.1 (0.067); 10.3 (0.086); 16.1 (0.116); 27.5 (0.166),None
Kepler-103,2,1.212,16.0 (0.132); 179.6 (0.664),53.5 (0.296)
Kepler-1038,2,0.87,7.1 (0.069); 148.5 (0.524),32.5 (0.19)
Kepler-104,3,0.818,11.4 (0.093); 23.7 (0.151); 51.8 (0.254),None
Kepler-1047,2,1.08,3.2 (0.044); 56.2 (0.295),13.4 (0.113)
Kepler-105,2,0.991,5.4 (0.060); 7.1 (0.072),None
Kepler-1050,2,1.09,15.4 (0.125); 21.1 (0.154),None
Kepler-1052,2,1.03,34.9 (0.211); 180.9 (0.613),77.6 (0.359)
Kepler-106,4,1.0,6.2 (0.066); 13.6 (0.111); 24.0 (0.163); 43.8 (0.243),None
Kepler-1065,2,0.94,2.4 (0.034); 3.6 (0.045),None
Kepler-1067,2,0.95,0.8 (0.016); 5.4 (0.060),2.0 (0.031)
Kepler-107,4,1.238,3.2 (0.045); 4.9 (0.061); 8.0 (0.084); 14.7 (0.126),None
Kepler-1073,3,1.0,2.5 (0.035); 4.0 (0.050); 8.7 (0.083),None
Kepler-108,2,1.247,49.2 (0.283); 190.3 (0.697),96.8 (0.444)
Kepler-1085,2,1.11,56.8 (0.294); 219.3 (0.737),113.2 (0.465)
Kepler-1086,2,0.7,18.8 (0.123); 161.5 (0.515),55.1 (0.252)
Kepler-109,2,1.094,6.5 (0.070); 21.2 (0.155),11.7 (0.104)
Kepler-1090,2,0.86,42.4 (0.227); 198.7 (0.634),91.6 (0.379)
Kepler-1093,2,1.13,25.1 (0.175); 89.7 (0.409),47.4 (0.267)
Kepler-11,6,0.961,10.3 (0.091); 13.0 (0.107); 22.7 (0.155); 32.0 (0.195); 46.7 (0.250); 118.4 (0.466),74.3 (0.341)
Kepler-110,2,0.989,12.7 (0.106); 31.7 (0.195),20.1 (0.144)
Kepler-111,2,1.171,3.3 (0.046); 224.8 (0.751),27.1 (0.186)
Kepler-112,2,0.782,8.4 (0.075); 28.6 (0.169),15.5 (0.112)
Kepler-1126,2,0.92,108.6 (0.433); 199.7 (0.619),None
Kepler-1129,2,1.0,24.3 (0.164); 76.5 (0.353),43.2 (0.241)
Kepler-113,2,0.75,4.8 (0.050); 8.9 (0.077),None
Kepler-1130,3,0.9,3.3 (0.042); 4.3 (0.051); 5.5 (0.059),None
Kepler-114,3,0.77,5.2 (0.054); 8.0 (0.065); 11.8 (0.083),None
Kepler-1143,2,0.81,2.9 (0.037); 210.6 (0.646),24.7 (0.155)
Kepler-115,2,1.042,2.4 (0.036); 9.0 (0.086),4.6 (0.055)
Kepler-1154,2,1.26,5.2 (0.063); 8.5 (0.088),None
Kepler-116,2,1.198,6.0 (0.068); 13.1 (0.115),None
Kepler-1162,2,0.89,32.6 (0.192); 59.3 (0.283),None
Kepler-1165,2,1.13,9.5 (0.091); 30.0 (0.197),16.9 (0.134)
Kepler-117,2,1.129,18.8 (0.144); 50.8 (0.279),30.9 (0.201)
Kepler-118,2,0.811,7.5 (0.070); 20.2 (0.135),12.3 (0.097)
Kepler-1181,2,1.17,4.9 (0.059); 8.9 (0.093),None
Kepler-119,2,0.918,2.4 (0.034); 4.1 (0.049),None
Kepler-120,2,0.654,6.3 (0.058); 12.8 (0.093),None
Kepler-121,2,0.859,3.2 (0.040); 41.0 (0.221),11.4 (0.094)
Kepler-122,5,0.982,5.8 (0.063); 12.5 (0.105); 21.6 (0.151); 38.0 (0.220); 56.3 (0.290),None
Kepler-123,2,1.079,17.2 (0.134); 26.7 (0.179),None
Kepler-124,3,0.706,3.4 (0.039); 13.8 (0.100); 31.0 (0.172),6.9 (0.063)
Kepler-1245,2,0.86,2.9 (0.038); 4.4 (0.050),None
Kepler-125,2,0.542,4.2 (0.041); 5.8 (0.051),None
Kepler-1254,3,0.78,3.6 (0.042); 5.7 (0.058); 10.0 (0.084),None
Kepler-126,3,1.108,10.5 (0.097); 21.9 (0.158); 100.3 (0.437),46.8 (0.263)
Kepler-1266,2,0.8,4.9 (0.052); 28.5 (0.169),11.8 (0.094)
Kepler-127,3,1.248,14.4 (0.125); 29.4 (0.201); 48.6 (0.281),None
Kepler-128,2,1.184,15.0 (0.126); 22.8 (0.166),None
Kepler-129,3,1.178,15.8 (0.130); 82.2 (0.391); 2646.0 (3.954),36.0 (0.225); 466.4 (1.243)
Kepler-130,3,0.927,8.5 (0.079); 27.5 (0.178); 87.5 (0.376),15.5 (0.119); 48.1 (0.259)
Kepler-131,2,1.02,16.1 (0.126); 25.5 (0.171),None
Kepler-1311,3,1.05,2.5 (0.037); 11.2 (0.099); 197.5 (0.671),5.3 (0.061); 46.8 (0.258)
Kepler-1312,2,0.99,1.1 (0.021); 5.4 (0.060),2.5 (0.036)
Kepler-1315,2,0.8,0.8 (0.016); 6.6 (0.064),2.4 (0.032)
Kepler-132,4,0.929,6.2 (0.064); 6.4 (0.066); 18.0 (0.131); 110.3 (0.455),10.7 (0.093); 45.7 (0.244)
Kepler-1321,3,0.54,2.2 (0.027); 5.7 (0.050); 11.1 (0.079),3.5 (0.037)
Kepler-1322,2,0.9,1.0 (0.018); 6.5 (0.065),2.5 (0.035)
Kepler-133,2,1.02,8.1 (0.080); 31.5 (0.197),16.0 (0.125)
Kepler-1336,2,0.94,5.8 (0.062); 23.2 (0.156),11.6 (0.098)
Kepler-134,2,0.956,5.3 (0.059); 10.1 (0.090),None
Kepler-135,2,1.047,6.0 (0.066); 11.4 (0.101),None
Kepler-1350,2,0.55,1.8 (0.023); 4.5 (0.044),2.8 (0.032)
Kepler-136,2,1.204,11.6 (0.107); 16.4 (0.134),None
Kepler-1365,2,1.0,4.8 (0.055); 7.7 (0.076),None
Kepler-137,2,0.85,8.4 (0.077); 18.7 (0.131),None
Kepler-1370,2,1.19,7.4 (0.079); 20.3 (0.154),12.3 (0.11)
Kepler-1371,2,0.87,2.0 (0.030); 3.4 (0.043),None
Kepler-138,4,0.535,10.3 (0.075); 13.8 (0.091); 23.1 (0.129); 38.2 (0.180),None
Kepler-1388,4,0.63,5.5 (0.053); 12.3 (0.089); 21.0 (0.128); 37.6 (0.188),None
Kepler-139,5,1.078,7.3 (0.076); 15.8 (0.126); 157.1 (0.584); 355.0 (1.006); 2047.6 (3.236),49.8 (0.272); 852.6 (1.804)
Kepler-1398,2,1.13,2.8 (0.040); 4.1 (0.053),None
Kepler-140,2,1.044,3.3 (0.044); 91.4 (0.403),17.2 (0.133)
Kepler-141,2,0.878,3.1 (0.040); 7.0 (0.069),None
Kepler-142,3,0.978,2.0 (0.031); 4.8 (0.055); 41.8 (0.234),14.1 (0.113)
Kepler-143,2,0.982,16.0 (0.124); 27.1 (0.175),None
Kepler-144,2,1.154,5.9 (0.067); 10.1 (0.096),None
Kepler-145,2,1.32,23.0 (0.173); 42.9 (0.263),None
Kepler-146,2,1.079,31.2 (0.199); 76.7 (0.362),48.9 (0.268)
Kepler-1464,2,1.02,5.3 (0.060); 31.8 (0.198),13.0 (0.109)
Kepler-1468,3,1.04,3.5 (0.046); 8.2 (0.081); 19.6 (0.146),None
Kepler-147,2,1.145,12.6 (0.111); 33.4 (0.212),20.5 (0.153)
Kepler-1471,2,0.95,3.6 (0.046); 11.6 (0.098),6.5 (0.067)
Kepler-148,3,0.86,1.7 (0.027); 4.2 (0.048); 51.8 (0.259),2.7 (0.036); 14.7 (0.112)
Kepler-1487,2,1.38,7.3 (0.082); 35.8 (0.259),17.3 (0.146)
Kepler-1488,2,1.05,6.2 (0.066); 39.8 (0.232),15.8 (0.124)
Kepler-1489,2,0.93,0.7 (0.015); 82.3 (0.361),7.4 (0.074)
Kepler-149,3,1.013,29.2 (0.186); 55.3 (0.285); 160.0 (0.579),94.1 (0.407)
Kepler-1491,2,1.0,16.6 (0.127); 61.6 (0.304),31.9 (0.197)
Kepler-150,5,0.956,3.4 (0.044); 7.4 (0.073); 12.6 (0.104); 30.8 (0.190); 637.2 (1.435),19.7 (0.141); 140.7 (0.521)
Kepler-151,2,0.87,15.2 (0.115); 24.7 (0.158),None
Kepler-1513,2,0.943,160.9 (0.568); 841.4 (1.710),367.9 (0.985)
Kepler-1514,2,1.196,10.5 (0.100); 217.8 (0.752),47.9 (0.274)
Kepler-1518,2,1.54,5.1 (0.067); 9.6 (0.090),None
Kepler-152,2,0.779,18.2 (0.125); 88.3 (0.357),40.1 (0.211)
Kepler-153,2,0.756,18.9 (0.126); 46.9 (0.232),29.7 (0.171)
Kepler-1530,3,0.92,2.6 (0.036); 5.3 (0.058); 9.2 (0.086),None
Kepler-154,5,0.933,3.9 (0.048); 9.9 (0.090); 20.5 (0.146); 33.0 (0.197); 62.3 (0.301),6.2 (0.066)
Kepler-1542,4,0.94,2.9 (0.039); 4.0 (0.048); 5.1 (0.057); 6.0 (0.063),None
Kepler-155,2,0.635,5.9 (0.055); 52.7 (0.236),17.7 (0.114)
Kepler-156,2,0.864,5.0 (0.054); 15.9 (0.118),8.9 (0.08)
Kepler-157,3,0.95,1.7 (0.028); 7.0 (0.072); 13.5 (0.109),3.6 (0.045)
Kepler-158,3,0.655,0.6 (0.013); 16.7 (0.111); 28.6 (0.159),3.3 (0.038)
Kepler-159,2,0.628,10.1 (0.079); 43.6 (0.208),21.0 (0.128)
Kepler-160,3,1.003,4.3 (0.052); 13.7 (0.112); 30.0 (0.189),7.7 (0.076)
Kepler-1600,2,0.86,7.3 (0.069); 386.4 (0.987),53.8 (0.261)
Kepler-161,2,0.853,4.9 (0.054); 7.1 (0.068),None
Kepler-1610,2,0.91,8.7 (0.080); 45.0 (0.232),19.3 (0.136)
Kepler-162,2,1.053,6.9 (0.072); 19.4 (0.144),11.6 (0.102)
Kepler-163,2,0.882,7.8 (0.074); 21.3 (0.144),12.9 (0.103)
Kepler-164,4,1.036,5.0 (0.058); 10.9 (0.098); 29.0 (0.187); 94.9 (0.402),17.8 (0.135); 51.5 (0.274)
Kepler-1641,2,1.12,19.7 (0.148); 32.7 (0.208),None
Kepler-1642,2,0.88,6.7 (0.066); 12.2 (0.099),None
Kepler-1649,2,0.198,8.7 (0.048); 19.5 (0.083),None
Kepler-165,2,0.746,8.2 (0.072); 15.3 (0.109),None
Kepler-1656,2,1.03,31.6 (0.197); 1919.0 (3.052),246.1 (0.776)
Kepler-166,3,0.811,1.6 (0.025); 7.7 (0.071); 34.3 (0.193),3.4 (0.042); 16.2 (0.117)
Kepler-1666,2,1.23,25.8 (0.183); 40.7 (0.248),None
Kepler-1669,3,0.67,1.6 (0.023); 4.7 (0.047); 9.5 (0.077),2.8 (0.033)
Kepler-167,4,0.777,4.4 (0.048); 7.4 (0.068); 21.8 (0.140); 1071.2 (1.884),12.7 (0.098); 152.8 (0.514)
Kepler-168,2,1.113,4.4 (0.055); 13.2 (0.113),7.6 (0.079)
Kepler-169,5,0.825,3.3 (0.040); 6.2 (0.062); 8.3 (0.076); 13.8 (0.105); 87.1 (0.361),34.6 (0.195)
Kepler-1693,2,0.95,5.4 (0.059); 12.1 (0.101),None
Kepler-170,2,1.066,7.9 (0.080); 16.7 (0.130),None
Kepler-1705,2,1.139,9.0 (0.089); 11.3 (0.103),None
Kepler-171,3,0.978,4.2 (0.050); 11.5 (0.099); 39.6 (0.226),6.9 (0.07); 21.3 (0.149)
Kepler-172,4,1.081,2.9 (0.041); 6.4 (0.069); 14.6 (0.120); 35.1 (0.215),None
Kepler-173,2,1.067,4.3 (0.053); 8.0 (0.080),None
Kepler-174,3,0.602,14.0 (0.096); 44.0 (0.206); 247.4 (0.651),24.8 (0.141); 104.3 (0.366)
Kepler-175,2,0.969,11.9 (0.101); 34.0 (0.203),20.1 (0.143)
Kepler-176,4,0.86,5.4 (0.058); 12.8 (0.102); 25.8 (0.162); 51.2 (0.257),None
Kepler-177,2,0.921,36.9 (0.211); 49.4 (0.256),None
Kepler-178,3,0.852,9.6 (0.084); 20.6 (0.139); 96.7 (0.391),44.6 (0.233)
Kepler-179,2,0.893,2.7 (0.037); 6.4 (0.065),None
Kepler-18,3,0.972,3.5 (0.045); 7.6 (0.075); 14.9 (0.117),None
Kepler-180,2,0.95,13.8 (0.111); 41.9 (0.232),24.1 (0.16)
Kepler-1801,2,0.936,10.4 (0.091); 116.6 (0.457),34.9 (0.204)
Kepler-1802,2,0.649,15.5 (0.105); 33.1 (0.175),None
Kepler-181,2,0.81,3.1 (0.039); 4.3 (0.048),None
Kepler-1814,2,0.79,0.6 (0.013); 2.9 (0.037),1.4 (0.022)
Kepler-182,2,1.114,9.8 (0.093); 20.7 (0.153),None
Kepler-183,2,0.99,5.7 (0.062); 11.6 (0.100),None
Kepler-1834,2,0.765,0.8 (0.015); 4.6 (0.050),1.9 (0.027)
Kepler-184,3,0.872,10.7 (0.091); 20.3 (0.139); 29.0 (0.177),None
Kepler-185,2,0.763,1.6 (0.025); 20.7 (0.135),5.8 (0.058)
Kepler-1859,2,1.09,2.7 (0.039); 3.6 (0.047),None
Kepler-186,5,0.478,3.9 (0.038); 7.3 (0.057); 13.3 (0.086); 22.4 (0.122); 129.9 (0.410),55.7 (0.223)
Kepler-1869,2,0.987,1.7 (0.028); 8.2 (0.079),3.7 (0.047)
Kepler-187,2,1.081,4.9 (0.058); 10.6 (0.097),None
Kepler-188,2,1.021,2.1 (0.032); 6.0 (0.065),3.5 (0.046)
Kepler-189,2,0.803,10.4 (0.087); 20.1 (0.135),None
Kepler-1894,2,0.999,2.8 (0.039); 5.1 (0.058),None
Kepler-19,3,0.936,9.3 (0.085); 28.7 (0.180); 63.0 (0.303),16.3 (0.123)
Kepler-190,2,0.834,2.0 (0.029); 3.8 (0.045),None
Kepler-1907,2,0.752,5.7 (0.056); 14.9 (0.108),9.2 (0.078)
Kepler-191,3,0.857,5.9 (0.061); 9.9 (0.086); 17.7 (0.126),None
Kepler-192,3,1.028,6.5 (0.067); 9.9 (0.091); 21.2 (0.151),None
Kepler-1921,2,1.251,3.2 (0.045); 20.0 (0.156),8.0 (0.084)
Kepler-193,2,1.051,11.4 (0.101); 50.7 (0.273),24.0 (0.166)
Kepler-194,3,0.94,2.1 (0.031); 17.3 (0.128); 52.8 (0.270),6.0 (0.063); 30.2 (0.186)
Kepler-195,2,0.867,8.3 (0.077); 34.1 (0.196),16.8 (0.123)
Kepler-196,3,0.839,20.7 (0.139); 47.4 (0.242); 122.1 (0.448),75.3 (0.329)
Kepler-197,4,0.857,5.6 (0.059); 10.3 (0.088); 15.7 (0.116); 25.2 (0.160),None
Kepler-1972,2,1.12,7.5 (0.078); 11.3 (0.103),None
Kepler-198,3,0.995,1.3 (0.023); 17.8 (0.133); 49.6 (0.264),4.9 (0.056); 29.7 (0.187)
Kepler-1987,4,0.799,2.3 (0.032); 3.6 (0.043); 5.6 (0.058); 8.7 (0.077),None
Kepler-199,2,0.96,23.6 (0.159); 67.1 (0.319),39.8 (0.225)
Kepler-1990,2,1.028,1.7 (0.029); 4.1 (0.050),None
Kepler-1991,2,0.914,13.3 (0.106); 22.8 (0.153),None
Kepler-1996,2,0.748,32.4 (0.180); 92.7 (0.364),54.8 (0.256)
Kepler-20,6,0.929,3.7 (0.046); 6.1 (0.064); 10.9 (0.094); 19.6 (0.139); 34.9 (0.205); 77.6 (0.347),None
Kepler-200,2,0.972,8.6 (0.081); 10.2 (0.091),None
Kepler-2000,2,0.581,6.4 (0.056); 20.6 (0.123),11.5 (0.083)
Kepler-2001,2,0.864,1.1 (0.020); 14.1 (0.109),3.9 (0.046)
Kepler-201,2,1.098,25.7 (0.176); 151.9 (0.575),62.4 (0.318)
Kepler-202,2,0.683,4.1 (0.044); 16.3 (0.111),8.1 (0.07)
Kepler-203,3,1.06,3.2 (0.043); 5.4 (0.061); 11.3 (0.101),None
Kepler-204,2,1.038,14.4 (0.117); 25.7 (0.172),None
Kepler-205,2,0.592,2.8 (0.032); 20.3 (0.122),7.5 (0.063)
Kepler-206,3,0.957,7.8 (0.076); 13.1 (0.107); 23.4 (0.158),None
Kepler-207,3,1.313,1.6 (0.029); 3.1 (0.045); 5.9 (0.070),None
Kepler-208,4,1.082,4.2 (0.053); 7.5 (0.077); 11.1 (0.100); 16.3 (0.129),None
Kepler-209,2,0.971,16.1 (0.124); 41.7 (0.233),25.9 (0.17)
Kepler-210,2,0.77,2.5 (0.033); 8.0 (0.072),4.4 (0.048)
Kepler-211,2,0.867,4.1 (0.048); 6.0 (0.062),None
Kepler-212,2,1.166,16.3 (0.132); 31.8 (0.207),None
Kepler-213,2,1.07,2.5 (0.037); 4.8 (0.057),None
Kepler-214,2,1.11,15.7 (0.127); 28.8 (0.190),None
Kepler-215,4,0.788,9.4 (0.080); 14.7 (0.108); 30.9 (0.178); 68.2 (0.302),None
Kepler-216,2,1.126,7.7 (0.079); 17.4 (0.137),None
Kepler-217,3,1.342,3.9 (0.054); 5.4 (0.066); 8.6 (0.091),None
Kepler-218,3,1.019,3.6 (0.046); 44.7 (0.248); 124.5 (0.490),12.7 (0.107); 74.4 (0.349)
Kepler-219,3,1.164,4.6 (0.057); 22.7 (0.165); 47.9 (0.272),10.2 (0.097)
Kepler-220,4,0.729,4.2 (0.046); 9.0 (0.076); 28.1 (0.163); 45.9 (0.226),15.9 (0.112)
Kepler-221,4,0.854,2.8 (0.037); 5.7 (0.059); 10.0 (0.086); 18.4 (0.129),None
Kepler-222,3,0.933,3.9 (0.048); 10.1 (0.089); 28.1 (0.177),6.3 (0.065); 16.8 (0.126)
Kepler-223,4,1.125,7.4 (0.077); 9.8 (0.094); 14.8 (0.123); 19.7 (0.149),None
Kepler-224,4,0.777,3.1 (0.039); 5.9 (0.059); 11.3 (0.091); 18.6 (0.127),None
Kepler-225,2,0.593,6.7 (0.059); 18.8 (0.116),11.3 (0.083)
Kepler-226,3,0.904,3.9 (0.047); 5.3 (0.058); 8.1 (0.076),None
Kepler-227,2,0.954,9.5 (0.086); 54.4 (0.277),22.7 (0.155)
Kepler-228,3,1.006,2.6 (0.037); 4.1 (0.051); 11.1 (0.098),6.8 (0.07)
Kepler-229,3,0.808,6.3 (0.062); 16.1 (0.116); 41.2 (0.217),10.0 (0.085); 25.7 (0.159)
Kepler-23,3,1.078,7.1 (0.074); 10.7 (0.098); 15.3 (0.124),None
Kepler-230,2,0.784,32.6 (0.184); 91.8 (0.367),54.7 (0.26)
Kepler-231,2,0.58,10.1 (0.076); 19.3 (0.117),None
Kepler-232,2,0.97,4.4 (0.052); 11.4 (0.098),7.1 (0.072)
Kepler-233,2,0.855,8.5 (0.077); 60.4 (0.286),22.6 (0.149)
Kepler-234,2,1.129,2.7 (0.040); 7.2 (0.076),4.4 (0.055)
Kepler-235,4,0.581,3.3 (0.036); 7.8 (0.064); 20.1 (0.121); 46.2 (0.210),12.5 (0.088)
Kepler-236,2,0.596,8.3 (0.067); 24.0 (0.137),14.1 (0.096)
Kepler-237,2,0.696,4.7 (0.049); 8.1 (0.070),None
Kepler-238,5,1.229,2.1 (0.034); 6.2 (0.070); 13.2 (0.117); 23.7 (0.164); 50.4 (0.272),3.6 (0.049)
Kepler-239,2,0.757,11.8 (0.092); 56.2 (0.262),25.7 (0.155)
Kepler-24,4,1.06,4.2 (0.052); 8.1 (0.081); 12.3 (0.107); 19.0 (0.141),None
Kepler-240,2,0.868,4.1 (0.048); 8.0 (0.074),None
Kepler-241,2,0.671,12.7 (0.093); 36.1 (0.187),21.4 (0.132)
Kepler-242,2,0.748,8.2 (0.072); 14.5 (0.106),None
Kepler-243,2,0.904,5.7 (0.060); 20.0 (0.140),10.7 (0.092)
Kepler-244,3,0.933,4.3 (0.051); 9.8 (0.087); 20.1 (0.141),None
Kepler-245,4,0.856,3.2 (0.041); 7.5 (0.071); 17.5 (0.125); 36.3 (0.204),None
Kepler-246,2,0.853,4.6 (0.051); 11.2 (0.093),7.2 (0.069)
Kepler-247,3,0.887,3.3 (0.042); 9.4 (0.084); 20.5 (0.141),5.6 (0.059)
Kepler-248,2,0.838,6.3 (0.063); 16.2 (0.118),10.1 (0.086)
Kepler-249,3,0.51,3.3 (0.035); 7.1 (0.058); 15.4 (0.097),None
Kepler-25,3,1.165,6.2 (0.070); 12.7 (0.112); 122.4 (0.508),39.5 (0.239)
Kepler-250,3,0.806,4.1 (0.047); 7.2 (0.068); 17.6 (0.123),11.2 (0.091)
Kepler-251,4,0.891,4.8 (0.054); 16.5 (0.122); 30.1 (0.182); 99.6 (0.405),8.9 (0.081); 54.8 (0.272)
Kepler-252,2,0.61,6.7 (0.059); 10.8 (0.081),None
Kepler-253,3,0.86,3.8 (0.045); 10.3 (0.088); 18.1 (0.128),6.2 (0.063)
Kepler-254,3,0.849,5.8 (0.060); 12.4 (0.099); 18.7 (0.131),None
Kepler-255,3,0.867,1.0 (0.019); 5.7 (0.060); 9.9 (0.086),2.4 (0.034)
Kepler-256,4,1.037,1.6 (0.027); 3.4 (0.045); 5.8 (0.064); 10.7 (0.096),None
Kepler-257,3,0.916,2.4 (0.034); 6.6 (0.067); 24.7 (0.161),4.0 (0.048); 12.7 (0.104)
Kepler-258,2,0.82,13.2 (0.102); 33.7 (0.191),21.1 (0.14)
Kepler-259,2,0.867,8.1 (0.075); 36.9 (0.207),17.3 (0.125)
Kepler-26,4,0.544,3.5 (0.038); 12.3 (0.085); 17.3 (0.107); 46.8 (0.214),6.5 (0.057); 29.0 (0.151)
Kepler-260,2,1.013,8.2 (0.080); 76.1 (0.353),25.0 (0.168)
Kepler-261,2,0.834,10.4 (0.088); 24.6 (0.156),None
Kepler-262,2,0.816,13.1 (0.101); 21.9 (0.143),None
Kepler-263,2,0.793,16.6 (0.118); 47.3 (0.237),28.0 (0.167)
Kepler-264,2,1.426,40.8 (0.261); 140.1 (0.594),75.6 (0.394)
Kepler-265,4,0.97,6.8 (0.070); 17.0 (0.128); 43.1 (0.238); 67.8 (0.322),10.8 (0.095); 27.1 (0.175)
Kepler-266,2,0.947,6.6 (0.068); 107.7 (0.435),26.7 (0.172)
Kepler-267,3,0.542,3.4 (0.036); 6.9 (0.058); 28.5 (0.149),14.0 (0.093)
Kepler-268,2,1.109,25.9 (0.177); 83.4 (0.387),46.5 (0.262)
Kepler-269,2,0.92,5.3 (0.058); 8.1 (0.077),None
Kepler-27,3,0.65,6.5 (0.067); 15.3 (0.105); 31.3 (0.168),None
Kepler-270,2,1.17,11.5 (0.105); 25.3 (0.178),None
Kepler-271,3,0.9,5.2 (0.057); 7.4 (0.072); 10.4 (0.090),None
Kepler-272,3,0.91,3.0 (0.039); 6.1 (0.063); 10.9 (0.093),None
Kepler-273,2,0.756,2.9 (0.037); 8.0 (0.071),4.9 (0.051)
Kepler-274,2,0.883,11.6 (0.096); 33.2 (0.194),19.7 (0.137)
Kepler-275,3,1.189,10.3 (0.098); 16.1 (0.132); 35.7 (0.225),None
Kepler-276,3,0.845,14.1 (0.108); 31.9 (0.203); 48.6 (0.269),22.7 (0.148)
Kepler-277,2,1.12,17.3 (0.136); 33.0 (0.209),None
Kepler-278,2,1.227,30.2 (0.203); 51.1 (0.289),None
Kepler-279,4,1.2,12.3 (0.111); 35.7 (0.219); 54.4 (0.290); 98.4 (0.439),20.5 (0.156)
Kepler-28,2,0.684,5.9 (0.056); 9.0 (0.075),None
Kepler-280,2,0.962,2.1 (0.032); 4.8 (0.055),None
Kepler-281,3,0.95,14.6 (0.115); 36.3 (0.211); 148.3 (0.545),23.1 (0.156); 74.0 (0.339)
Kepler-282,4,0.86,9.2 (0.082); 13.6 (0.106); 24.8 (0.165); 44.3 (0.243),None
Kepler-283,2,0.596,11.0 (0.082); 92.7 (0.337),32.0 (0.166)
Kepler-284,2,0.766,12.7 (0.097); 37.5 (0.201),21.8 (0.14)
Kepler-285,2,0.915,2.6 (0.036); 6.2 (0.064),None
Kepler-286,4,0.83,1.8 (0.027); 3.5 (0.042); 5.9 (0.060); 29.2 (0.174),13.1 (0.102)
Kepler-287,2,0.963,20.3 (0.144); 44.9 (0.244),None
Kepler-288,3,0.842,6.1 (0.062); 19.3 (0.133); 56.6 (0.273),10.8 (0.091); 33.1 (0.19)
Kepler-289,4,1.08,34.5 (0.213); 66.0 (0.328); 125.9 (0.504); 330.1 (0.953),202.9 (0.693)
Kepler-29,2,0.761,10.3 (0.085); 13.3 (0.100),None
Kepler-290,3,0.756,0.8 (0.015); 14.6 (0.106); 36.8 (0.197),3.3 (0.041); 23.2 (0.145)
Kepler-291,2,1.023,3.5 (0.046); 5.7 (0.063),None
Kepler-292,5,0.865,2.6 (0.035); 3.7 (0.045); 7.1 (0.069); 12.0 (0.098); 20.8 (0.141),None
Kepler-293,2,0.934,19.3 (0.137); 54.2 (0.274),32.3 (0.194)
Kepler-294,2,0.947,3.7 (0.046); 6.6 (0.068),None
Kepler-295,3,0.89,12.6 (0.102); 21.5 (0.146); 33.9 (0.197),None
Kepler-296,5,0.498,5.8 (0.050); 10.9 (0.076); 19.9 (0.114); 34.1 (0.163); 63.3 (0.246),None
Kepler-297,3,0.927,38.9 (0.219); 74.9 (0.339); 150.0 (0.523),None
Kepler-298,3,0.66,10.5 (0.082); 22.9 (0.138); 77.5 (0.310),42.1 (0.206)
Kepler-299,4,1.004,2.9 (0.040); 6.9 (0.071); 15.1 (0.119); 38.3 (0.223),24.0 (0.163)
Kepler-30,3,0.99,29.3 (0.186); 60.3 (0.300); 143.3 (0.534),None
Kepler-300,2,1.07,10.4 (0.096); 40.7 (0.237),20.6 (0.151)
Kepler-301,3,1.022,2.5 (0.036); 5.4 (0.061); 13.8 (0.113),8.6 (0.083)
Kepler-302,2,1.021,30.2 (0.191); 127.3 (0.499),62.0 (0.309)
Kepler-303,2,0.575,1.9 (0.025); 7.1 (0.060),3.7 (0.039)
Kepler-304,4,0.737,1.5 (0.024); 3.3 (0.039); 5.3 (0.054); 9.7 (0.080),None
Kepler-305,4,0.76,3.2 (0.040); 5.5 (0.056); 8.3 (0.073); 16.7 (0.120),None
Kepler-306,4,0.75,4.6 (0.050); 7.2 (0.067); 17.3 (0.119); 44.8 (0.224),27.9 (0.163)
Kepler-307,2,0.907,10.4 (0.090); 13.1 (0.105),None
Kepler-308,2,0.92,9.7 (0.087); 15.4 (0.118),None
Kepler-309,2,0.816,5.9 (0.060); 105.4 (0.408),25.0 (0.156)
Kepler-31,3,1.21,20.9 (0.158); 42.6 (0.255); 87.6 (0.411),None
Kepler-310,3,0.854,13.9 (0.108); 56.5 (0.273); 92.9 (0.381),28.0 (0.171)
Kepler-311,3,0.994,9.2 (0.086); 19.7 (0.143); 232.0 (0.733),67.3 (0.323)
Kepler-312,2,1.314,1.8 (0.031); 19.7 (0.157),5.9 (0.07)
Kepler-313,2,1.114,15.0 (0.123); 32.3 (0.206),None
Kepler-314,2,0.99,2.5 (0.036); 6.0 (0.064),3.8 (0.048)
Kepler-315,2,0.831,96.1 (0.386); 265.5 (0.760),159.7 (0.542)
Kepler-316,2,0.587,2.2 (0.028); 6.8 (0.059),3.9 (0.041)
Kepler-317,2,0.865,5.5 (0.058); 8.8 (0.079),None
Kepler-318,2,1.073,4.7 (0.056); 11.8 (0.104),7.4 (0.076)
Kepler-319,3,0.933,4.4 (0.051); 6.9 (0.070); 31.8 (0.192),14.9 (0.116)
Kepler-32,5,0.58,0.7 (0.013); 2.9 (0.033); 5.9 (0.053); 8.8 (0.069); 22.8 (0.131),1.5 (0.021); 14.1 (0.095)
Kepler-320,2,1.072,8.4 (0.083); 17.9 (0.137),None
Kepler-321,2,1.024,4.9 (0.057); 13.1 (0.110),8.0 (0.079)
Kepler-322,2,0.908,1.7 (0.027); 4.3 (0.050),2.7 (0.037)
Kepler-323,2,1.015,1.7 (0.028); 3.6 (0.046),None
Kepler-324,4,0.901,4.4 (0.051); 14.0 (0.107); 34.2 (0.199); 51.8 (0.263),7.7 (0.074); 22.2 (0.146)
Kepler-325,3,0.914,4.5 (0.052); 12.8 (0.104); 38.7 (0.217),7.6 (0.074); 22.2 (0.15)
Kepler-326,3,0.91,2.2 (0.033); 4.6 (0.052); 6.8 (0.068),None
Kepler-327,3,0.592,2.5 (0.031); 5.2 (0.049); 14.0 (0.095),8.5 (0.069)
Kepler-328,2,1.15,34.9 (0.219); 71.3 (0.353),None
Kepler-329,2,0.602,7.4 (0.063); 18.7 (0.116),11.8 (0.086)
Kepler-33,5,1.291,5.7 (0.068); 13.2 (0.119); 21.8 (0.166); 31.8 (0.214); 41.0 (0.253),None
Kepler-330,2,0.848,8.3 (0.076); 16.0 (0.117),None
Kepler-331,3,0.653,8.5 (0.070); 17.3 (0.113); 32.1 (0.172),None
Kepler-332,3,0.743,7.6 (0.069); 16.0 (0.113); 34.2 (0.187),None
Kepler-333,2,0.601,12.6 (0.089); 24.1 (0.138),None
Kepler-334,3,1.022,5.5 (0.061); 12.8 (0.108); 25.1 (0.169),None
Kepler-335,2,1.367,6.6 (0.076); 67.8 (0.361),21.1 (0.166)
Kepler-336,3,1.09,2.0 (0.032); 9.6 (0.091); 20.7 (0.152),4.4 (0.054)
Kepler-337,2,1.081,3.3 (0.044); 9.7 (0.091),5.6 (0.064)
Kepler-338,4,1.105,9.3 (0.091); 13.7 (0.116); 24.3 (0.170); 44.4 (0.254),None
Kepler-339,3,0.87,5.0 (0.054); 7.0 (0.068); 10.6 (0.090),None
Kepler-340,2,1.65,14.8 (0.140); 22.8 (0.186),None
Kepler-341,4,0.976,5.2 (0.058); 8.0 (0.078); 27.7 (0.178); 42.5 (0.236),14.9 (0.117)
Kepler-342,4,1.213,1.6 (0.029); 15.2 (0.128); 26.2 (0.184); 39.5 (0.242),4.9 (0.061)
Kepler-343,2,1.055,9.0 (0.086); 23.2 (0.162),14.4 (0.118)
Kepler-344,2,0.931,22.0 (0.150); 125.6 (0.479),52.5 (0.268)
Kepler-345,2,0.61,7.4 (0.063); 9.4 (0.074),None
Kepler-346,2,0.943,6.5 (0.067); 23.9 (0.159),12.5 (0.103)
Kepler-347,3,0.922,12.8 (0.104); 27.3 (0.173); 85.5 (0.380),49.3 (0.256)
Kepler-348,2,1.189,7.1 (0.076); 17.3 (0.139),11.0 (0.103)
Kepler-349,2,1.083,5.9 (0.066); 12.2 (0.107),None
Kepler-350,3,1.19,11.2 (0.104); 17.8 (0.134); 26.1 (0.172),None
Kepler-351,3,0.81,37.1 (0.203); 57.2 (0.271); 142.5 (0.498),90.3 (0.367)
Kepler-352,3,0.798,6.9 (0.066); 10.1 (0.085); 16.3 (0.117),None
Kepler-353,2,0.553,5.8 (0.052); 8.4 (0.066),None
Kepler-354,3,0.652,5.5 (0.053); 16.9 (0.112); 24.2 (0.142),9.6 (0.077)
Kepler-355,2,0.933,11.0 (0.095); 25.8 (0.167),None
Kepler-356,2,1.163,4.6 (0.057); 13.1 (0.114),7.8 (0.081)
Kepler-357,3,0.794,6.5 (0.063); 16.9 (0.119); 49.5 (0.244),10.4 (0.087); 28.9 (0.171)
Kepler-358,2,0.94,34.1 (0.201); 83.5 (0.366),53.3 (0.272)
Kepler-359,3,0.827,25.6 (0.159); 57.7 (0.274); 77.1 (0.333),None
Kepler-36,2,1.034,13.9 (0.114); 16.2 (0.127),None
Kepler-360,2,0.994,3.3 (0.043); 7.2 (0.073),None
Kepler-361,2,1.191,8.5 (0.086); 55.2 (0.301),21.6 (0.161)
Kepler-362,2,0.904,10.3 (0.090); 37.9 (0.213),19.8 (0.138)
Kepler-363,3,1.226,3.6 (0.049); 7.5 (0.081); 11.9 (0.109),None
Kepler-364,2,1.076,25.7 (0.175); 60.0 (0.307),None
Kepler-365,2,1.02,10.7 (0.095); 17.8 (0.134),None
Kepler-366,2,1.088,3.3 (0.044); 12.5 (0.109),6.4 (0.069)
Kepler-367,2,0.768,37.8 (0.202); 53.6 (0.255),None
Kepler-368,2,1.165,26.8 (0.185); 72.4 (0.358),44.1 (0.257)
Kepler-369,2,0.5,2.7 (0.030); 14.9 (0.094),6.4 (0.053)
Kepler-37,4,0.79,13.4 (0.102); 21.3 (0.139); 39.8 (0.211); 51.2 (0.250),None
Kepler-370,2,0.982,4.6 (0.054); 19.0 (0.139),9.3 (0.086)
Kepler-371,2,0.876,34.8 (0.199); 68.0 (0.312),None
Kepler-372,3,1.202,6.8 (0.075); 20.1 (0.154); 30.1 (0.201),11.7 (0.107)
Kepler-373,2,0.981,5.5 (0.061); 16.7 (0.127),9.6 (0.088)
Kepler-374,3,1.033,1.9 (0.030); 3.3 (0.044); 5.0 (0.058),None
Kepler-375,2,0.891,12.1 (0.099); 20.0 (0.139),None
Kepler-376,2,0.968,4.9 (0.056); 14.2 (0.113),8.4 (0.08)
Kepler-377,2,1.043,12.5 (0.107); 27.0 (0.179),None
Kepler-378,2,0.78,16.1 (0.115); 28.9 (0.170),None
Kepler-379,2,1.125,20.1 (0.150); 62.8 (0.322),35.5 (0.22)
Kepler-380,2,0.99,3.9 (0.049); 7.6 (0.076),None
Kepler-381,3,1.144,5.6 (0.065); 8.3 (0.085); 13.4 (0.115),None
Kepler-382,2,1.002,5.3 (0.059); 12.2 (0.104),None
Kepler-383,2,0.669,12.9 (0.094); 31.2 (0.170),20.1 (0.126)
Kepler-384,2,0.882,22.6 (0.150); 45.3 (0.239),None
Kepler-385,3,0.992,10.0 (0.091); 15.2 (0.120); 56.4 (0.293),29.7 (0.187)
Kepler-386,2,0.825,12.3 (0.098); 25.2 (0.158),None
Kepler-387,2,0.85,6.8 (0.066); 11.8 (0.096),None
Kepler-388,2,0.635,3.2 (0.036); 13.3 (0.094),6.5 (0.059)
Kepler-389,2,0.765,3.2 (0.039); 14.5 (0.106),6.9 (0.065)
Kepler-390,2,0.787,6.7 (0.064); 13.1 (0.100),None
Kepler-391,2,1.27,7.4 (0.081); 20.5 (0.159),12.3 (0.113)
Kepler-392,2,0.874,5.3 (0.057); 10.4 (0.089),None
Kepler-393,2,1.256,9.2 (0.093); 14.6 (0.126),None
Kepler-394,3,0.87,5.6 (0.065); 8.0 (0.075); 12.1 (0.099),None
Kepler-395,2,0.623,7.1 (0.061); 35.0 (0.179),15.7 (0.105)
Kepler-396,2,0.85,43.0 (0.228); 88.5 (0.368),None
Kepler-397,2,0.844,22.3 (0.146); 135.5 (0.488),54.9 (0.267)
Kepler-398,3,0.649,4.1 (0.043); 6.8 (0.063); 11.4 (0.086),None
Kepler-399,3,0.902,14.4 (0.112); 26.7 (0.169); 58.0 (0.283),None
Kepler-400,2,1.08,9.0 (0.087); 17.3 (0.135),None
Kepler-401,3,1.173,14.4 (0.122); 47.3 (0.270); 184.3 (0.668),26.1 (0.182); 93.3 (0.425)
Kepler-402,4,1.072,4.0 (0.051); 6.1 (0.067); 8.9 (0.086); 11.2 (0.101),None
Kepler-403,3,1.299,7.0 (0.078); 13.6 (0.120); 54.3 (0.306),27.4 (0.192)
Kepler-404,2,0.86,11.8 (0.097); 14.8 (0.112),None
Kepler-405,2,0.873,10.6 (0.090); 29.7 (0.179),17.8 (0.127)
Kepler-406,2,1.07,2.4 (0.036); 4.6 (0.056),None
Kepler-407,2,0.99,0.7 (0.015); 3000.0 (4.071),44.9 (0.246)
Kepler-411,4,0.87,3.0 (0.039); 7.8 (0.074); 31.5 (0.186); 58.0 (0.280),4.9 (0.054); 15.7 (0.117)
Kepler-414,2,0.89,4.7 (0.053); 7.2 (0.070),None
Kepler-415,2,0.67,4.2 (0.044); 8.7 (0.072),None
Kepler-416,3,1.0,3.1 (0.041); 6.3 (0.067); 12.2 (0.104),None
Kepler-417,2,0.9,12.3 (0.101); 15.9 (0.120),None
Kepler-418,2,0.98,12.2 (0.102); 86.7 (0.381),32.7 (0.197)
Kepler-419,2,1.39,69.8 (0.370); 675.5 (1.681),217.1 (0.789)
Kepler-42,3,0.13,0.5 (0.006); 1.2 (0.011); 1.9 (0.015),0.7 (0.008)
Kepler-424,2,1.01,3.3 (0.044); 223.3 (0.723),27.2 (0.178)
Kepler-430,2,1.166,36.0 (0.224); 111.0 (0.476),63.2 (0.327)
Kepler-431,3,1.071,6.8 (0.072); 8.7 (0.085); 11.9 (0.104),None
Kepler-432,2,1.32,52.5 (0.301); 406.2 (1.177),146.0 (0.595)
Kepler-436,2,0.729,16.8 (0.117); 64.0 (0.282),32.6 (0.181)
Kepler-444,5,0.758,3.6 (0.042); 4.5 (0.049); 6.2 (0.060); 7.7 (0.070); 9.7 (0.081),None
Kepler-445,3,0.18,3.0 (0.023); 4.9 (0.032); 8.2 (0.045),None
Kepler-446,3,0.22,1.6 (0.016); 3.0 (0.025); 5.1 (0.035),None
Kepler-449,2,1.02,12.6 (0.107); 33.7 (0.205),20.6 (0.148)
Kepler-450,3,1.19,7.5 (0.080); 15.4 (0.128); 28.5 (0.193),None
Kepler-454,3,1.03,10.6 (0.095); 524.2 (1.285); 4073.0 (5.041),74.4 (0.35); 1461.2 (2.545)
Kepler-46,3,0.902,6.8 (0.067); 33.6 (0.197); 57.0 (0.280),15.2 (0.115)
Kepler-462,2,1.59,84.7 (0.441); 207.6 (0.801),132.6 (0.594)
Kepler-466,2,1.04,3.7 (0.048); 51.1 (0.273),13.8 (0.114)
Kepler-47,3,0.957,49.5 (0.260); 187.4 (0.631); 303.2 (0.870),96.3 (0.405)
Kepler-48,5,0.88,4.8 (0.053); 9.7 (0.085); 42.9 (0.230); 982.0 (1.853); 5219.7 (5.719),20.4 (0.14); 205.2 (0.653); 2286.8 (3.255)
Kepler-487,3,0.91,2.4 (0.034); 15.4 (0.117); 38.7 (0.217),6.2 (0.063); 24.4 (0.159)
Kepler-49,4,0.607,2.6 (0.030); 7.2 (0.062); 10.9 (0.082); 18.6 (0.112),4.4 (0.043)
Kepler-495,2,0.86,3.4 (0.042); 5.9 (0.061),None
Kepler-50,2,1.24,7.8 (0.083); 9.4 (0.093),None
Kepler-501,2,1.03,3.6 (0.047); 5.6 (0.063),None
Kepler-51,4,1.04,45.2 (0.251); 85.3 (0.384); 130.2 (0.509); 264.3 (0.795),None
Kepler-511,2,1.0,26.6 (0.172); 296.6 (0.870),89.8 (0.387)
Kepler-52,3,0.54,7.9 (0.063); 16.4 (0.103); 36.4 (0.179),None
Kepler-520,2,1.1,5.2 (0.061); 19.7 (0.147),10.1 (0.095)
Kepler-524,2,1.09,1.9 (0.031); 8.0 (0.080),3.9 (0.05)
Kepler-529,3,1.07,2.0 (0.032); 12.8 (0.110); 35.9 (0.213),5.0 (0.059); 21.1 (0.153)
Kepler-53,3,0.98,9.8 (0.088); 18.6 (0.137); 38.6 (0.222),None
Kepler-534,2,1.05,7.4 (0.076); 16.0 (0.126),None
Kepler-539,2,1.048,125.6 (0.499); 1000.0 (1.988),354.4 (0.996)
Kepler-54,3,0.51,8.0 (0.063); 12.1 (0.082); 21.0 (0.120),None
Kepler-549,3,0.88,24.6 (0.157); 42.9 (0.230); 117.0 (0.449),70.9 (0.321)
Kepler-55,5,0.62,2.2 (0.028); 4.6 (0.047); 10.2 (0.079); 27.9 (0.154); 42.2 (0.202),16.8 (0.11)
Kepler-553,2,0.889,4.0 (0.048); 328.2 (0.895),36.4 (0.207)
Kepler-56,3,1.32,10.5 (0.103); 21.4 (0.165); 1002.0 (2.133),145.6 (0.594)
Kepler-561,2,0.96,5.4 (0.059); 58.4 (0.290),17.7 (0.131)
Kepler-57,2,0.859,5.7 (0.060); 11.6 (0.095),None
Kepler-58,4,0.95,4.5 (0.053); 10.2 (0.091); 15.6 (0.120); 40.1 (0.231),25.5 (0.167)
Kepler-589,2,0.88,3.5 (0.043); 16.5 (0.122),7.7 (0.072)
Kepler-59,2,1.04,11.9 (0.103); 18.0 (0.136),None
Kepler-595,2,0.93,12.4 (0.102); 25.3 (0.165),None
Kepler-598,2,0.87,3.7 (0.045); 86.5 (0.370),18.0 (0.129)
Kepler-60,3,1.041,7.1 (0.074); 8.9 (0.085); 11.9 (0.103),None
Kepler-603,3,1.01,6.2 (0.066); 21.1 (0.150); 127.9 (0.498),11.4 (0.1); 51.9 (0.273)
Kepler-605,2,0.91,2.4 (0.034); 3.4 (0.043),None
Kepler-607,2,0.84,0.6 (0.014); 39.7 (0.212),5.0 (0.054)
Kepler-610,2,1.1,7.0 (0.074); 151.9 (0.575),32.6 (0.206)
Kepler-616,3,0.98,10.0 (0.090); 51.1 (0.275); 90.4 (0.392),23.0 (0.157)
Kepler-619,3,1.09,1.2 (0.023); 5.4 (0.062); 11.7 (0.102),2.6 (0.038)
Kepler-62,5,0.69,5.7 (0.055); 12.4 (0.093); 18.2 (0.119); 122.4 (0.426); 267.3 (0.718),47.1 (0.226)
Kepler-625,2,1.04,4.2 (0.051); 7.8 (0.078),None
Kepler-633,2,1.02,8.5 (0.082); 23.8 (0.162),14.1 (0.115)
Kepler-647,2,1.03,16.2 (0.127); 29.7 (0.192),None
Kepler-65,4,1.25,2.2 (0.035); 5.9 (0.069); 8.1 (0.085); 258.8 (0.856),3.6 (0.049); 45.9 (0.27)
Kepler-653,2,1.02,0.9 (0.018); 14.7 (0.118),3.6 (0.047)
Kepler-656,2,0.86,1.3 (0.022); 5.3 (0.060),2.7 (0.036)
Kepler-68,4,1.057,5.4 (0.061); 9.6 (0.090); 632.6 (1.469); 3455.0 (4.556),78.0 (0.364); 1478.4 (2.587)
Kepler-69,2,0.81,13.7 (0.105); 242.5 (0.709),57.7 (0.272)
Kepler-712,2,0.84,21.0 (0.141); 226.9 (0.687),69.1 (0.311)
Kepler-716,2,0.83,4.0 (0.046); 10.4 (0.087),6.4 (0.064)
Kepler-722,2,1.03,4.1 (0.051); 105.1 (0.440),20.7 (0.149)
Kepler-725,2,0.95,39.6 (0.224); 207.5 (0.674),90.7 (0.388)
Kepler-730,2,1.047,2.9 (0.040); 6.5 (0.069),None
Kepler-732,2,0.49,0.9 (0.014); 9.5 (0.069),2.9 (0.031)
Kepler-750,2,1.15,4.1 (0.052); 9.4 (0.092),None
Kepler-755,2,0.82,1.3 (0.021); 2.9 (0.037),None
Kepler-758,4,1.16,4.8 (0.058); 8.2 (0.084); 12.1 (0.108); 20.5 (0.154),None
Kepler-760,2,0.89,2.5 (0.034); 8.7 (0.080),4.6 (0.052)
Kepler-763,3,0.84,1.2 (0.021); 4.1 (0.047); 6.5 (0.063),2.2 (0.031)
Kepler-769,2,1.19,7.4 (0.079); 16.0 (0.132),None
Kepler-770,3,0.94,1.5 (0.025); 4.2 (0.050); 18.9 (0.136),2.5 (0.035); 8.9 (0.082)
Kepler-783,2,0.93,4.3 (0.050); 7.1 (0.071),None
Kepler-784,2,1.0,17.2 (0.131); 31.6 (0.196),None
Kepler-79,4,1.165,13.5 (0.117); 27.4 (0.187); 52.1 (0.287); 81.1 (0.386),None
Kepler-799,2,0.95,15.2 (0.121); 133.5 (0.502),44.1 (0.247)
Kepler-80,6,0.73,1.0 (0.017); 3.1 (0.037); 4.6 (0.049); 7.1 (0.065); 9.5 (0.079); 14.6 (0.110),1.7 (0.026)
Kepler-804,2,1.01,9.7 (0.089); 14.4 (0.116),None
Kepler-81,3,0.64,6.0 (0.055); 12.0 (0.089); 20.8 (0.128),None
Kepler-82,5,0.91,2.4 (0.034); 5.9 (0.063); 26.4 (0.168); 51.5 (0.263); 75.7 (0.339),3.8 (0.046); 12.4 (0.103)
Kepler-825,2,1.03,3.8 (0.048); 8.2 (0.080),None
Kepler-83,3,0.66,5.2 (0.049); 9.8 (0.078); 20.1 (0.126),None
Kepler-84,5,1.0,4.2 (0.052); 8.7 (0.083); 12.9 (0.108); 27.4 (0.182); 44.6 (0.251),None
Kepler-85,4,0.928,8.3 (0.078); 12.5 (0.103); 17.9 (0.132); 25.2 (0.165),None
Kepler-864,2,1.0,2.4 (0.038); 5.8 (0.063),None
Kepler-865,2,0.93,6.2 (0.061); 14.2 (0.112),9.8 (0.083)
Kepler-87,2,1.1,114.7 (0.477); 191.2 (0.671),None
Kepler-879,2,1.02,0.6 (0.015); 33.4 (0.204),4.7 (0.054)
Kepler-880,2,1.46,7.7 (0.087); 11.8 (0.121),None
Kepler-887,2,1.19,7.6 (0.080); 20.4 (0.155),12.5 (0.112)
Kepler-896,2,0.84,29.5 (0.179); 144.5 (0.509),64.6 (0.302)
Kepler-9,3,1.022,1.6 (0.027); 19.2 (0.142); 39.0 (0.227),5.5 (0.062)
Kepler-903,2,0.98,10.4 (0.092); 62.9 (0.308),25.5 (0.169)
Kepler-913,2,0.63,5.9 (0.070); 10.3 (0.079),None
Kepler-92,3,1.21,13.7 (0.120); 26.7 (0.186); 49.4 (0.269),None
Kepler-920,2,0.89,6.5 (0.066); 100.8 (0.408),25.7 (0.164)
Kepler-93,2,0.911,4.7 (0.053); 1460.0 (2.441),83.0 (0.361)
Kepler-937,2,1.15,67.7 (0.340); 153.3 (0.587),None
Kepler-94,2,0.81,2.5 (0.034); 820.3 (1.599),45.4 (0.232)
Kepler-949,2,0.89,8.7 (0.080); 21.0 (0.139),None
Kepler-953,2,0.95,9.1 (0.084); 88.4 (0.382),28.4 (0.179)
Kepler-963,2,0.91,0.9 (0.017); 10.0 (0.088),3.1 (0.039)
Kepler-967,2,0.84,13.2 (0.103); 198.7 (0.629),51.3 (0.255)
Kepler-968,3,0.681,3.7 (0.043); 5.7 (0.057); 7.7 (0.067),None
Kepler-969,2,0.92,1.7 (0.027); 34.2 (0.200),7.6 (0.073)
Kepler-97,2,0.94,2.6 (0.036); 789.0 (1.637),45.2 (0.243)
Kepler-974,2,0.46,0.2 (0.005); 4.2 (0.041),0.9 (0.014)
Kepler-975,2,0.8,2.0 (0.029); 5.1 (0.057),3.3 (0.04)
Kepler-990,2,1.05,0.5 (0.013); 9.9 (0.092),2.3 (0.035)
L 98-59,5,0.292,2.3 (0.022); 3.7 (0.031); 7.5 (0.050); 12.8 (0.071); 23.1 (0.105),None
LHS 1140,2,0.184,3.8 (0.027); 24.7 (0.095),9.7 (0.051)
LHS 1678,3,0.345,0.9 (0.012); 3.7 (0.033); 5.0 (0.040),1.8 (0.02)
LP 791-18,3,0.139,0.9 (0.010); 2.8 (0.020); 5.0 (0.030),1.6 (0.014)
LP 890-9,2,0.118,2.7 (0.019); 8.5 (0.040),4.8 (0.027)
LTT 1445 A,2,0.257,3.1 (0.027); 5.4 (0.038),None
LTT 3780,2,0.381,0.8 (0.012); 12.3 (0.075),3.1 (0.03)
NN Ser,2,0.535,2883.5 (3.219); 5573.6 (4.994),None
NY Vir,2,0.459,3160.0 (3.251); 8799.0 (6.434),5273.0 (4.574)
OGLE-2006-BLG-109L,2,0.51,1788.5 (2.304); 4927.5 (4.528),2968.6 (3.23)
PSR B1257+12,3,1.4,25.3 (0.188); 66.5 (0.360); 98.2 (0.466),41.0 (0.26)
Pr0211,2,0.935,2.1 (0.032); 4850.0 (5.483),102.0 (0.418)
Proxima Cen,2,0.122,5.1 (0.029); 11.2 (0.049),None
TIC 139270665,2,1.035,23.6 (0.163); 1010.0 (1.993),154.5 (0.57)
TIC 279401253,2,1.13,76.8 (0.368); 155.3 (0.589),None
TIC 434398831,2,0.992,3.7 (0.047); 6.2 (0.066),None
TOI-1052,2,1.204,9.1 (0.091); 35.8 (0.226),18.1 (0.143)
TOI-1062,2,0.94,4.1 (0.049); 8.0 (0.077),None
TOI-1064,2,0.748,6.4 (0.062); 12.2 (0.094),None
TOI-1117,3,0.97,2.2 (0.033); 4.6 (0.053); 8.7 (0.082),None
TOI-1130,2,0.745,4.1 (0.045); 8.4 (0.073),None
TOI-1136,6,1.022,4.2 (0.051); 6.3 (0.067); 12.5 (0.106); 18.8 (0.139); 26.3 (0.174); 39.5 (0.229),None
TOI-1203,4,0.886,4.2 (0.049); 13.1 (0.104); 25.5 (0.163); 204.6 (0.653),7.4 (0.071); 72.2 (0.326)
TOI-1224,2,0.4,4.2 (0.037); 17.9 (0.099),8.7 (0.061)
TOI-1238,2,0.59,0.8 (0.014); 3.3 (0.036),1.6 (0.022)
TOI-1246,4,0.87,4.3 (0.049); 5.9 (0.061); 18.7 (0.132); 37.9 (0.212),10.5 (0.09)
TOI-125,3,0.859,4.7 (0.052); 9.2 (0.081); 20.0 (0.137),None
TOI-1260,3,0.679,3.1 (0.037); 7.5 (0.066); 16.6 (0.112),None
TOI-1266,3,0.437,10.9 (0.073); 18.8 (0.105); 32.5 (0.151),None
TOI-1272,2,0.877,3.3 (0.042); 8.7 (0.079),5.4 (0.057)
TOI-1288,2,0.955,2.7 (0.037); 416.0 (1.074),33.5 (0.2)
TOI-1294,2,1.158,3.9 (0.051); 159.9 (0.605),25.0 (0.176)
TOI-1338 A,2,1.094,95.4 (0.421); 215.8 (0.725),None
TOI-1346,2,0.82,1.8 (0.027); 5.5 (0.057),3.1 (0.039)
TOI-1347,2,0.913,0.8 (0.017); 4.8 (0.054),2.0 (0.03)
TOI-1386,2,1.036,25.8 (0.173); 232.0 (0.748),77.4 (0.36)
TOI-1408,2,1.312,2.2 (0.036); 4.4 (0.058),None
TOI-1410,2,0.794,1.2 (0.021); 47.6 (0.238),7.6 (0.07)
TOI-1422,2,0.99,13.0 (0.108); 34.6 (0.207),21.2 (0.149)
TOI-1438,2,0.876,5.1 (0.056); 9.4 (0.084),None
TOI-1450 A,2,0.48,2.0 (0.025); 5.1 (0.045),3.2 (0.033)
TOI-1453,2,0.715,4.3 (0.046); 6.6 (0.062),None
TOI-1468,2,0.353,1.9 (0.021); 15.5 (0.086),5.4 (0.043)
TOI-1470,2,0.471,2.5 (0.028); 18.1 (0.105),6.8 (0.054)
TOI-1472,2,0.87,6.4 (0.064); 15.5 (0.116),9.9 (0.086)
TOI-1634,2,0.451,1.0 (0.015); 103.0 (0.330),10.1 (0.07)
TOI-1669,2,0.987,2.7 (0.038); 500.0 (1.227),36.6 (0.215)
TOI-1670,2,1.21,11.0 (0.103); 40.7 (0.247),21.2 (0.16)
TOI-1694,2,0.853,3.8 (0.045); 393.1 (0.996),38.5 (0.212)
TOI-1736,2,1.037,7.1 (0.073); 571.2 (1.364),63.6 (0.316)
TOI-1749,3,0.58,2.4 (0.029); 4.5 (0.044); 9.0 (0.071),None
TOI-178,6,0.647,1.9 (0.026); 3.2 (0.037); 6.6 (0.059); 10.0 (0.078); 15.2 (0.104); 20.7 (0.128),None
TOI-1782,2,0.68,1.8 (0.026); 5.0 (0.050),3.0 (0.036)
TOI-1798,2,0.87,0.4 (0.011); 8.0 (0.075),1.9 (0.028)
TOI-1803,2,0.756,6.3 (0.061); 12.9 (0.098),None
TOI-1836,2,1.307,1.8 (0.031); 20.4 (0.160),6.1 (0.07)
TOI-199,2,0.936,104.9 (0.426); 273.7 (0.807),169.4 (0.586)
TOI-2000,2,1.082,3.1 (0.043); 9.1 (0.088),5.3 (0.061)
TOI-201,2,1.316,53.0 (0.303); 2800.0 (4.261),385.1 (1.135)
TOI-2015,2,0.304,3.3 (0.029); 5.6 (0.041),None
TOI-2076,4,0.883,3.0 (0.039); 10.4 (0.089); 21.0 (0.141); 35.1 (0.199),5.6 (0.059)
TOI-2093,2,0.745,12.8 (0.097); 53.8 (0.253),26.3 (0.157)
TOI-2095,2,0.44,17.7 (0.101); 28.2 (0.138),None
TOI-2096,2,0.231,3.1 (0.026); 6.4 (0.041),None
TOI-2134,2,0.744,9.2 (0.078); 95.5 (0.371),29.7 (0.17)
TOI-2141,3,0.896,5.5 (0.059); 18.3 (0.131); 60.5 (0.291),10.0 (0.088); 33.2 (0.195)
TOI-216,2,0.77,17.2 (0.119); 34.5 (0.190),None
TOI-2202,2,0.841,11.9 (0.096); 24.7 (0.155),None
TOI-2295,2,1.168,30.0 (0.199); 966.5 (2.015),170.4 (0.633)
TOI-2322,2,0.703,11.3 (0.088); 20.2 (0.129),None
TOI-2345,2,0.727,1.1 (0.018); 21.1 (0.134),4.7 (0.049)
TOI-238,2,0.781,1.3 (0.021); 8.5 (0.075),3.3 (0.04)
TOI-2458,2,1.05,3.7 (0.048); 16.6 (0.129),7.9 (0.079)
TOI-2525,2,0.849,23.3 (0.151); 49.3 (0.249),None
TOI-2537,2,0.771,94.1 (0.371); 1920.0 (2.772),425.1 (1.015)
TOI-270,3,0.386,3.4 (0.032); 5.7 (0.045); 11.4 (0.072),None
TOI-286,2,0.832,4.5 (0.050); 39.4 (0.213),13.3 (0.103)
TOI-4010,4,0.88,1.3 (0.023); 5.4 (0.058); 14.7 (0.113); 762.0 (1.565),2.7 (0.036); 8.9 (0.081); 105.9 (0.42)
TOI-406,2,0.408,3.3 (0.032); 13.2 (0.081),6.6 (0.051)
TOI-421,2,0.833,5.2 (0.055); 16.1 (0.117),9.1 (0.08)
TOI-431,3,0.78,0.5 (0.011); 4.8 (0.052); 12.5 (0.097),1.5 (0.024); 7.8 (0.071)
TOI-4342,2,0.63,5.5 (0.053); 10.7 (0.081),None
TOI-4504,3,0.89,2.4 (0.034); 40.6 (0.222); 83.0 (0.358),9.9 (0.087)
TOI-451,3,0.95,1.9 (0.029); 9.2 (0.084); 16.4 (0.124),4.1 (0.05)
TOI-4562,2,1.192,225.1 (0.768); 3990.0 (5.220),947.7 (2.002)
TOI-4600,2,0.89,82.7 (0.357); 482.8 (1.159),199.8 (0.643)
TOI-500,4,0.74,0.5 (0.012); 6.6 (0.063); 26.2 (0.156); 61.3 (0.275),1.9 (0.027); 13.2 (0.099)
TOI-5126,2,1.24,5.5 (0.065); 17.9 (0.144),9.9 (0.097)
TOI-5398,2,1.146,4.8 (0.058); 10.6 (0.099),None
TOI-544,2,0.631,1.5 (0.022); 50.1 (0.228),8.8 (0.072)
TOI-561,4,0.806,0.4 (0.011); 10.8 (0.089); 25.7 (0.159); 77.1 (0.330),2.2 (0.031); 44.5 (0.229)
TOI-5799,2,0.325,4.2 (0.035); 14.0 (0.078),7.6 (0.052)
TOI-6054,2,1.107,7.5 (0.078); 12.6 (0.109),None
TOI-6109,2,1.03,5.7 (0.063); 8.5 (0.083),None
TOI-663,3,0.514,2.6 (0.030); 4.7 (0.044); 7.1 (0.058),None
TOI-6695,2,1.338,80.4 (0.402); 242.4 (0.838),139.6 (0.58)
TOI-700,4,0.415,10.0 (0.068); 16.1 (0.093); 27.8 (0.134); 37.4 (0.163),None
TOI-712,3,0.732,9.5 (0.079); 51.7 (0.245); 84.8 (0.341),22.2 (0.139)
TOI-7510,3,1.063,11.5 (0.102); 22.6 (0.160); 48.9 (0.267),None
TOI-756,2,0.505,1.2 (0.018); 149.4 (0.439),13.6 (0.089)
TOI-763,2,0.917,5.6 (0.060); 12.3 (0.101),None
TOI-771,2,0.22,2.3 (0.021); 7.6 (0.046),4.2 (0.031)
TOI-776,2,0.542,8.2 (0.065); 15.7 (0.100),None
TOI-815,2,0.776,11.2 (0.090); 35.0 (0.192),19.8 (0.132)
TOI-836,2,0.678,3.8 (0.042); 8.6 (0.072),None
TOI-880,2,0.87,2.6 (0.035); 6.4 (0.064),4.1 (0.048)
TOI-904,2,0.557,10.9 (0.079); 84.0 (0.309),30.2 (0.156)
TOI-942,2,0.822,4.3 (0.049); 10.2 (0.086),None
TOI-969,2,0.734,1.8 (0.026); 1700.0 (2.515),55.7 (0.257)
TRAPPIST-1,7,0.09,1.5 (0.012); 2.4 (0.016); 4.0 (0.022); 6.1 (0.029); 9.2 (0.039); 12.4 (0.047); 18.8 (0.062),None
TYC 1422-614-1,2,1.15,198.4 (0.697); 559.3 (1.392),333.1 (0.985)
Teegarden's Star,3,0.097,4.9 (0.026); 11.4 (0.046); 26.1 (0.079),None
UZ For,2,0.7,1916.2 (2.681); 5840.0 (5.635),3345.3 (3.887)
V1298 Tau,4,1.101,8.2 (0.083); 12.4 (0.108); 24.1 (0.169); 53.5 (0.300),None
WASP-107,2,0.683,5.7 (0.055); 1088.0 (1.823),78.9 (0.317)
WASP-126,2,1.12,3.3 (0.045); 7.6 (0.079),None
WASP-132,3,0.789,1.0 (0.018); 7.1 (0.067); 1816.6 (2.692),2.7 (0.035); 113.8 (0.425)
WASP-148,2,0.954,8.8 (0.082); 34.5 (0.204),17.4 (0.13)
WASP-18,2,1.294,0.9 (0.020); 2.2 (0.035),None
WASP-41,2,0.81,3.1 (0.038); 421.0 (1.073),37.1 (0.203)
WASP-47,4,1.058,0.8 (0.017); 4.2 (0.052); 9.0 (0.086); 589.6 (1.402),1.8 (0.03); 73.0 (0.348)
WASP-53,2,0.839,3.3 (0.041); 2840.0 (3.702),97.0 (0.39)
WASP-8,2,1.34,8.2 (0.087); 4323.0 (5.262),176.3 (0.678)
WASP-84,2,0.853,1.4 (0.024); 8.5 (0.077),3.5 (0.043)
Wolf 1061,3,0.294,4.9 (0.037); 17.9 (0.089); 217.2 (0.470),9.3 (0.058); 62.3 (0.205)
XO-2 S,2,0.98,18.2 (0.134); 120.8 (0.475),46.9 (0.253)
YZ Cet,3,0.142,2.0 (0.016); 3.1 (0.022); 4.7 (0.028),None
bet Pic,2,1.795,1192.8 (2.675); 8617.5 (9.997),3206.1 (5.171)
gam Lib,2,1.78,414.9 (1.319); 966.5 (2.319),None
iot Dra,2,1.54,510.9 (1.444); 25000.0 (19.323),3573.7 (5.283)
nu Oph,2,2.61,529.9 (1.765); 3180.6 (5.828),1298.3 (3.207)
rho CrB,4,0.95,12.9 (0.106); 39.8 (0.224); 102.2 (0.421); 282.2 (0.828),22.7 (0.154); 63.8 (0.307); 169.8 (0.59)
tau Cet,4,0.783,20.0 (0.133); 49.4 (0.243); 162.9 (0.538); 636.1 (1.334),31.4 (0.18); 89.7 (0.361); 321.9 (0.847)
ups And,3,1.3,4.6 (0.059); 241.3 (0.828); 1276.5 (2.513),33.4 (0.221); 554.9 (1.442)
